order_id,order_item_id,product_id,seller_id,shipping_limit_date,price,freight_value
o09c9e1cfaf2f4fba8cc7d095dce2097,1,p9aff35cd6ceb4ab786ff49401c78252,s55c49a6678134d889462cd28b34c53f,2018-04-16 03:21:00,449.96,26.0
of9bdc26ebe0b4f7caba669d7d19cfc8,1,p049cd665404e4a23b77fa6578ef5dd2,sd7d9f62b3fc24153aaa048b23268063,2017-09-07 06:30:00,371.4,62.88
oa0f4c7312ac74a799b8de0fa3b68397,1,p3944eeaf9a3143eaa5c57c7142894c6,s12911c3fd6ee4705bd431964beb5cc1,2017-03-24 02:44:00,246.74,44.69
oa0f4c7312ac74a799b8de0fa3b68397,2,p67a6579f5be94c97bf63e690cb8f2f2,scc010e9e51124776acd26b08b786c75,2017-03-24 02:44:00,296.68,5.76
oa0f4c7312ac74a799b8de0fa3b68397,3,p835af0d0529045af990915a2ec0cde5,sd942a2bc3ea54a209a970f3bbe01dbb,2017-03-24 02:44:00,60.91,62.65
o523711a61a814eeaa4b060da91b6ceb,1,p8610e01651304311b6a1f4ea93bde41,sd7d9f62b3fc24153aaa048b23268063,2018-04-27 00:52:00,217.15,41.62
o523711a61a814eeaa4b060da91b6ceb,2,p4af20803b99745228814c971463eb12,s1205c1737cae4d79805c591b9af712a,2018-04-27 00:52:00,27.48,56.06
oa78dbbf2d7ac4395a61557cda2c9b27,1,p0d5a2d09296641ebb7aaddba1d03a14,sc148465fc2574bd793d1446dd04ae3d,2018-06-19 02:05:00,359.93,10.58
o46b59a5da90649f5bf4c65b013f2dcc,1,p60b82755a5e942109f8e58892888e64,sd7d9f62b3fc24153aaa048b23268063,2018-07-22 23:22:00,315.22,16.49
o60b8261b5f104b68ac700c19634afdb,1,p574eca7d8ff14a419a11998c041fa85,s631ff1e6e97c4f1cb7507c0eef58e04,2017-11-04 13:23:00,392.78,34.45
o10f546c7013d4fb5a293feddca6a644,1,p043742593ba4468b92a3e823c6bf842,s5457f59715f14a66be670f7c47b960d,2018-05-10 02:52:00,52.05,19.89
o561880d893ba4c6aada68f0772dee5f,1,p66b816b375f24cc9b7acdf195b14387,sfa26dce7050f419e877b252162124aa,2017-11-06 14:27:00,302.29,14.42
oa1b58327013b476890e447ea05e0823,1,p3d4c6cb70a334e188af937696d0e02e,s631ff1e6e97c4f1cb7507c0eef58e04,2017-10-28 11:18:00,79.81,20.94
o3f5dcf6c54bb4ab79e0ab3b635ca89b,1,pb082877195aa44bab7ecd8448e93269,s4243bb6f10e041efa5d6808100ed7b1,2018-04-30 05:19:00,155.21,20.02
o7decf8a5c115468b932422eb5c49ee5,1,p886b74fbb3bf4f38a12011e1be6ea59,sd942a2bc3ea54a209a970f3bbe01dbb,2017-07-04 22:33:00,166.36,25.0
o7decf8a5c115468b932422eb5c49ee5,2,pe5b1c6999481431abaad3399ebd0544,s006b166e1f1348178f854b08586fe8d,2017-07-04 22:33:00,158.46,46.62
o3c0cc26dade7496bb41c87fac60bcf0,1,p6b56f1bd9d204158b018e11ef9f7fde,sd7d9f62b3fc24153aaa048b23268063,2018-06-16 00:42:00,37.45,21.02
o3c0cc26dade7496bb41c87fac60bcf0,2,p574eca7d8ff14a419a11998c041fa85,s5457f59715f14a66be670f7c47b960d,2018-06-16 00:42:00,205.58,46.9
odef2b4bab5a74dc79f5bed8ed536935,1,p673442518a0647e6aff65aab31e8294,sd942a2bc3ea54a209a970f3bbe01dbb,2017-04-11 03:53:00,420.7,22.51
o10ab2f49139342c289c3a3469c536f9,1,p835af0d0529045af990915a2ec0cde5,s1205c1737cae4d79805c591b9af712a,2018-07-24 07:24:00,421.4,35.46
o10ab2f49139342c289c3a3469c536f9,2,pad6eea1e34e34a3f817b63ffabd2459,s5457f59715f14a66be670f7c47b960d,2018-07-24 07:24:00,330.83,55.25
ob4c125bf754b44cbb3604196dadbb8e,1,p3e8029aab7b240c595103e1d8e960d4,s3f2abab2451142d0927b8e58c4eafeb,2018-04-17 13:55:00,412.34,27.87
of51b948447e84ed287c5ed5d3cee38f,1,p4af1afe2775844cea5a28befa3c2c47,s1205c1737cae4d79805c591b9af712a,2017-04-18 07:06:00,286.12,28.85
o99767d067a45406b8ba382ac1bdf4c6,1,p6c571237f78245debef7d15b01c9c1f,sc148465fc2574bd793d1446dd04ae3d,2017-03-16 22:40:00,87.37,22.97
oa1a5ad3bafc6491198be2cdd608b673,1,pfde51743c162499099ab467cd16b2df,sadaf7ff5227944a9aec04f812b3d7ec,2018-08-08 01:50:00,215.6,20.24
oa1a5ad3bafc6491198be2cdd608b673,2,p9a51256767ba4e3bbcf4241a2767556,sf52559682c644eb2adad5c7496eeb64,2018-08-08 01:50:00,19.09,53.28
obbc0744e17ac42eb8aaad0ff4c56b58,1,p60fc66193bd240d0b580cdcf8fb589b,s2a4c856b95204db8b1f762fbc9f3c57,2018-03-16 06:16:00,143.7,46.96
oc7ab41bedeb943e6b8a46eb6ace49c3,1,peda596b308fa43a6b1d1bc6235d7155,s631ff1e6e97c4f1cb7507c0eef58e04,2018-05-29 09:49:00,57.27,42.65
of00752d93e9247f7a063544b4e5ae14,1,pe55c31ab7d884e139f4a9163f6f9434,s5457f59715f14a66be670f7c47b960d,2018-03-07 05:12:00,339.75,25.32
of8c44a1cc6324c5699602aa86865dae,1,p4af1afe2775844cea5a28befa3c2c47,s2a4c856b95204db8b1f762fbc9f3c57,2018-07-29 15:05:00,180.75,43.31
of8c44a1cc6324c5699602aa86865dae,2,pefe2cb56e7b2498a960b3bcff296db2,s76118a622a8a4a6f9c38c6703a793ed,2018-07-29 15:05:00,308.55,33.29
o362bfb06d52d4d27b594228f8e4f70e,1,p2809d239a2a14adeb91293e56821d8e,s12911c3fd6ee4705bd431964beb5cc1,2018-02-27 12:08:00,306.66,49.59
o27f565ebeb8244d9911d54103445802,1,pefe2cb56e7b2498a960b3bcff296db2,se81cb3c178604b39811eafab1e11775,2018-02-26 20:02:00,407.24,43.69
of92c0e780c194ce884dbd6ca2cc377e,1,pd5584df2dc684e6b8209a1550bf87eb,s1205c1737cae4d79805c591b9af712a,2017-01-26 14:50:00,351.85,52.32
o096e02cb10d247b6b430fb2383da8bb,1,p835af0d0529045af990915a2ec0cde5,scc010e9e51124776acd26b08b786c75,2017-02-01 13:00:00,64.44,8.81
of0e038f6b6d34b18b003b99cfe60aad,1,p6b56f1bd9d204158b018e11ef9f7fde,sc8c08dc14a524da48d7b953f9fd29e9,2018-04-20 11:01:00,406.18,24.33
of0e038f6b6d34b18b003b99cfe60aad,2,pfde51743c162499099ab467cd16b2df,sc8c08dc14a524da48d7b953f9fd29e9,2018-04-20 11:01:00,69.89,42.46
o7941f95a50f54b6180ac6189e66f558,1,pd5584df2dc684e6b8209a1550bf87eb,sb6ecb24c190a48aca859fcb9d53597f,2017-04-17 18:44:00,162.44,32.21
of71de19a4bb64fadb488c9638d6d16f,1,pafeb3e0eea274ef5a1b5df36e4da611,s1205c1737cae4d79805c591b9af712a,2017-03-15 00:53:00,306.46,29.65
of71de19a4bb64fadb488c9638d6d16f,2,pc4acf1ac4151476cb5bebfa264ee63f,s4243bb6f10e041efa5d6808100ed7b1,2017-03-15 00:53:00,37.38,22.26
of71de19a4bb64fadb488c9638d6d16f,3,p3419b8bc6e2b493b9fa0ebba9f7d8db,s12911c3fd6ee4705bd431964beb5cc1,2017-03-15 00:53:00,60.07,35.44
oeba02b31c9d64880b7449ceaa42f5ef,1,p901a1f4bf37444a5965537a8a4ceedb,sfa26dce7050f419e877b252162124aa,2018-03-21 13:49:00,320.67,23.54
o4a3546f94c0849fea94b18a69b06759,1,p043742593ba4468b92a3e823c6bf842,sd9115cf05943475dbc757d0991b9042,2017-04-09 10:33:00,51.96,8.16
o9fa86d94834443c1839c83d8b392a22,1,p3419b8bc6e2b493b9fa0ebba9f7d8db,s55c49a6678134d889462cd28b34c53f,2017-10-12 00:48:00,110.93,64.07
o17dd6e526fff4f56a836981bf394b53,1,p5858aa7127ef4d19a19d364c506a14d,s0ef725d99e794db5a29b12d8883d743,2018-05-30 09:27:00,389.87,7.54
o17dd6e526fff4f56a836981bf394b53,2,p25de0c9004f24bb094f18e735bb10cb,sc148465fc2574bd793d1446dd04ae3d,2018-05-30 09:27:00,415.71,56.73
o3b93dd99154d42fabcfe113884cedd5,1,p857420e1bf9446488d032728e26ec26,sadaf7ff5227944a9aec04f812b3d7ec,2018-01-10 18:27:00,159.88,15.09
o3b93dd99154d42fabcfe113884cedd5,2,p9bc1dc95712949d4a6a475c06f0e317,s631ff1e6e97c4f1cb7507c0eef58e04,2018-01-10 18:27:00,64.6,35.6
o9c3e4506b3b14b68ab9d9008648e31f,1,p4e21ca0b6efc4631973c89e2b48c62c,sc148465fc2574bd793d1446dd04ae3d,2017-06-03 18:12:00,311.29,57.92
o9c3e4506b3b14b68ab9d9008648e31f,2,p56cdafda7d52401f96c331b07b18b7a,s1205c1737cae4d79805c591b9af712a,2017-06-03 18:12:00,390.95,42.63
ob5a40d0351a5463192b8c8c95ff8aee,1,p1f777446f8bc41e0a23653e376fa844,sc148465fc2574bd793d1446dd04ae3d,2017-11-19 04:28:00,267.44,62.25
o4782e6c3ee2949ee8a6b8c2389bcfd0,1,p6b56f1bd9d204158b018e11ef9f7fde,scc010e9e51124776acd26b08b786c75,2017-04-21 20:57:00,242.4,14.52
o4782e6c3ee2949ee8a6b8c2389bcfd0,2,pefe2cb56e7b2498a960b3bcff296db2,s5457f59715f14a66be670f7c47b960d,2017-04-21 20:57:00,183.53,51.47
ocea01d2a916c4e4fbb5809aa0ac721b,1,p574eca7d8ff14a419a11998c041fa85,sd9115cf05943475dbc757d0991b9042,2017-06-07 19:05:00,323.34,10.08
o82b9ae2f23304dfe910ada0bca4f3f2,1,peda596b308fa43a6b1d1bc6235d7155,sf5c33c9f1d7a41fba661ceafde68030,2018-03-15 03:23:00,48.57,55.67
oa812baf36af74b20bdfd5986827213c,1,p711af43c57ba4cd59711a1745a022d1,sc148465fc2574bd793d1446dd04ae3d,2017-06-12 12:11:00,280.61,50.14
oc63d15b69673426cb1abc96dbb78663,1,peda596b308fa43a6b1d1bc6235d7155,sfa26dce7050f419e877b252162124aa,2018-08-13 17:29:00,37.7,33.84
oc63d15b69673426cb1abc96dbb78663,2,pefe2cb56e7b2498a960b3bcff296db2,se81cb3c178604b39811eafab1e11775,2018-08-13 17:29:00,421.42,47.68
ob00a5e9a8d5a4b96b5a2d0fdc09f11a,1,p1f777446f8bc41e0a23653e376fa844,sc8c08dc14a524da48d7b953f9fd29e9,2017-04-09 00:52:00,178.09,6.69
o6fb22c4745f24d3fbd655d7c2f68ace,1,p8df5964ac6c84f6fa75c671783f9cdb,scc010e9e51124776acd26b08b786c75,2017-05-28 17:45:00,199.12,51.57
o77eb019cfbf54cc78059a07d4c102a3,1,p1c2dcd1be9504a99af096c49bf2ead6,sb6ecb24c190a48aca859fcb9d53597f,2018-07-07 17:40:00,96.48,45.09
o25582b8b38ab4d2095eb916b100b75d,1,pe5b1c6999481431abaad3399ebd0544,sd7d9f62b3fc24153aaa048b23268063,2018-05-01 21:40:00,268.13,50.4
o25a8e06130ca4f669366378593384bd,1,p3944eeaf9a3143eaa5c57c7142894c6,s1205c1737cae4d79805c591b9af712a,2017-07-11 22:08:00,421.02,35.92
o46a6335220a140b1b14163daf87cae1,1,p0d5dab5d7281429bbc368021494a5b3,s3f2abab2451142d0927b8e58c4eafeb,2017-12-11 03:07:00,231.42,60.46
o46a6335220a140b1b14163daf87cae1,2,p4f8b3f6c7ebb4c18b10d0dfef0ff02e,sfa26dce7050f419e877b252162124aa,2017-12-11 03:07:00,363.5,48.62
o46a6335220a140b1b14163daf87cae1,3,p5e756c57f5df42a685c34b4e287bb82,sb6ecb24c190a48aca859fcb9d53597f,2017-12-11 03:07:00,277.07,54.34
o271fc904acf24e1390fae65dfd2ca2a,1,p63634b55ea534d4d868341458b2f8ab,sc8c08dc14a524da48d7b953f9fd29e9,2017-06-24 22:28:00,306.96,29.37
oa7ed90f20aae48d9b81babac1c7b467,1,p372737b81aed4a75b5b427fb45c01f4,s12911c3fd6ee4705bd431964beb5cc1,2017-02-10 08:04:00,176.83,50.79
o842cc06dc4f841d081b32e2ba83f39c,1,p372737b81aed4a75b5b427fb45c01f4,sf15f5e4f742b4dba92127f8dd0ff524,2018-05-31 21:24:00,448.42,22.13
o842cc06dc4f841d081b32e2ba83f39c,2,p0d5a2d09296641ebb7aaddba1d03a14,sf15f5e4f742b4dba92127f8dd0ff524,2018-05-31 21:24:00,68.35,56.17
o68e5cadd289e4a8fa9ab991440500bd,1,p9bc1dc95712949d4a6a475c06f0e317,sadaf7ff5227944a9aec04f812b3d7ec,2017-12-27 06:04:00,67.79,17.06
o68e5cadd289e4a8fa9ab991440500bd,2,peda596b308fa43a6b1d1bc6235d7155,sadaf7ff5227944a9aec04f812b3d7ec,2017-12-27 06:04:00,358.81,6.58
o3bedd80fc00846f9b3ee5b170e083b6,1,p4f8b3f6c7ebb4c18b10d0dfef0ff02e,s12911c3fd6ee4705bd431964beb5cc1,2018-06-28 10:49:00,70.83,54.74
of1d5597daf7b4142b144168cda3a25f,1,p9a51256767ba4e3bbcf4241a2767556,sf15f5e4f742b4dba92127f8dd0ff524,2017-11-13 10:10:00,291.25,38.05
of1d5597daf7b4142b144168cda3a25f,2,p574eca7d8ff14a419a11998c041fa85,s631ff1e6e97c4f1cb7507c0eef58e04,2017-11-13 10:10:00,146.73,37.01
oc70bca9a7952432eaddc31c21c1c3ca,1,p56cdafda7d52401f96c331b07b18b7a,s631ff1e6e97c4f1cb7507c0eef58e04,2018-08-05 12:52:00,28.17,58.34
o2e873292a4bd426d82db7da05745ac2,1,pfcc0279719804f91a60dfa8887fd972,s4243bb6f10e041efa5d6808100ed7b1,2017-03-21 10:03:00,444.79,25.72
o666351ad597b44a9aaeafd1e4023e74,1,pfcc0279719804f91a60dfa8887fd972,sf15f5e4f742b4dba92127f8dd0ff524,2017-09-16 00:06:00,346.96,34.9
o666351ad597b44a9aaeafd1e4023e74,2,p9bc1dc95712949d4a6a475c06f0e317,sc148465fc2574bd793d1446dd04ae3d,2017-09-16 00:06:00,231.96,23.51
o666351ad597b44a9aaeafd1e4023e74,3,p25de0c9004f24bb094f18e735bb10cb,sc8c08dc14a524da48d7b953f9fd29e9,2017-09-16 00:06:00,426.18,35.33
o7b56afafd02f4d21a3b90d7fe6e38dc,1,pf637feccc06945a095f61b19b446423,s2a4c856b95204db8b1f762fbc9f3c57,2017-10-25 07:00:00,259.39,26.75
o664fb8a84472482280b854d2581a399,1,p49c8d19b6b0540dca498b1ddc092205,s55c49a6678134d889462cd28b34c53f,2017-05-16 21:25:00,34.71,13.22
oace0460179f4443abc5a3c4236162ab,1,p3e8029aab7b240c595103e1d8e960d4,s61a1b83494ce4c119d9ba233dd5cf8a,2017-06-21 01:39:00,175.24,45.43
of288a480ed984fb8af3456874903374,1,p4e21ca0b6efc4631973c89e2b48c62c,sd942a2bc3ea54a209a970f3bbe01dbb,2017-10-04 14:50:00,89.17,42.74
of288a480ed984fb8af3456874903374,2,p56cdafda7d52401f96c331b07b18b7a,sd7d9f62b3fc24153aaa048b23268063,2017-10-04 14:50:00,380.91,13.87
od8e1dd7c492948168be60a746d92556,1,peda596b308fa43a6b1d1bc6235d7155,scc010e9e51124776acd26b08b786c75,2018-03-10 01:26:00,105.19,24.5
od8e1dd7c492948168be60a746d92556,2,pe55c31ab7d884e139f4a9163f6f9434,scc010e9e51124776acd26b08b786c75,2018-03-10 01:26:00,178.92,62.4
o9b996ec1f28b4e53b8fad8088ad3b9c,1,pfcc0279719804f91a60dfa8887fd972,sd942a2bc3ea54a209a970f3bbe01dbb,2018-05-15 22:15:00,166.73,61.02
o9b996ec1f28b4e53b8fad8088ad3b9c,2,p0f774a11e981433c92505e25955531e,s5457f59715f14a66be670f7c47b960d,2018-05-15 22:15:00,68.02,45.6
odd54da185107415f9c79c4cbb07770f,1,pcf84502e3cf849a9871f4f0cf698fa4,se81cb3c178604b39811eafab1e11775,2017-10-27 11:05:00,317.83,13.24
odd54da185107415f9c79c4cbb07770f,2,p99e24deb0ef8409ebdf8993f71be40c,s4243bb6f10e041efa5d6808100ed7b1,2017-10-27 11:05:00,270.27,19.55
o2b3fdceba16646bab654202b06b5be5,1,pe7569b37ff02407fb5f3a0ff7c8ebf6,s5457f59715f14a66be670f7c47b960d,2017-01-11 14:59:00,295.97,59.48
o2b3fdceba16646bab654202b06b5be5,2,p886b74fbb3bf4f38a12011e1be6ea59,s631ff1e6e97c4f1cb7507c0eef58e04,2017-01-11 14:59:00,264.75,37.11
o2b3fdceba16646bab654202b06b5be5,3,p8fb70896ceb84a7aad90e793a9f0eb3,s006b166e1f1348178f854b08586fe8d,2017-01-11 14:59:00,196.78,55.26
o3e3c16a12a274efa90b65741fbe2b89,1,peda596b308fa43a6b1d1bc6235d7155,scc010e9e51124776acd26b08b786c75,2017-01-15 19:36:00,218.59,16.57
ocebec0809c8747dc8104d7288ffe96e,1,p6c571237f78245debef7d15b01c9c1f,s006b166e1f1348178f854b08586fe8d,2018-08-10 15:48:00,442.03,33.65
o8bcc01f5fcbd4a7d83244025e622405,1,p3419b8bc6e2b493b9fa0ebba9f7d8db,s3f2abab2451142d0927b8e58c4eafeb,2017-09-29 21:23:00,66.08,59.97
od67f57af9e3443e1ac2af067f31f63c,1,p66b816b375f24cc9b7acdf195b14387,sd7d9f62b3fc24153aaa048b23268063,2018-03-07 21:35:00,122.65,50.28
od67f57af9e3443e1ac2af067f31f63c,2,p5e756c57f5df42a685c34b4e287bb82,scc010e9e51124776acd26b08b786c75,2018-03-07 21:35:00,209.34,47.23
o0bbf343120924595803ecf3abaa25b7,1,p886b74fbb3bf4f38a12011e1be6ea59,scc010e9e51124776acd26b08b786c75,2018-08-15 21:09:00,208.78,8.34
oe8e35b44eb864149af4066697131e77,1,p63634b55ea534d4d868341458b2f8ab,sc8c08dc14a524da48d7b953f9fd29e9,2018-02-14 20:52:00,443.97,33.32
o70cad10145684749b77153204856a80,1,p9aff35cd6ceb4ab786ff49401c78252,sf5c33c9f1d7a41fba661ceafde68030,2018-02-01 05:55:00,299.29,25.87
oa07b0d4d5a85441e9f9c2705dd41a59,1,p673442518a0647e6aff65aab31e8294,sfa26dce7050f419e877b252162124aa,2017-01-29 07:29:00,96.99,57.51
o095578c9aed14dcd9ae38b7f7af2e74,1,p9aff35cd6ceb4ab786ff49401c78252,sf15f5e4f742b4dba92127f8dd0ff524,2017-03-15 06:38:00,343.16,51.56
o1d68c7e153364ed4a8f6955402c3824,1,pa81a2d45d5b44205a5acddfdbc1e71f,s4243bb6f10e041efa5d6808100ed7b1,2017-09-05 11:56:00,411.54,42.56
o21f58868a6c144ad8a3ed6f20cbd561,1,pfde51743c162499099ab467cd16b2df,sc148465fc2574bd793d1446dd04ae3d,2018-03-07 21:09:00,412.91,38.74
o21f58868a6c144ad8a3ed6f20cbd561,2,p835af0d0529045af990915a2ec0cde5,se81cb3c178604b39811eafab1e11775,2018-03-07 21:09:00,245.55,28.31
o7c27e054e594461daff9eb34c9aad95,1,pafeb3e0eea274ef5a1b5df36e4da611,sf15f5e4f742b4dba92127f8dd0ff524,2017-02-27 09:24:00,223.54,57.17
o7c27e054e594461daff9eb34c9aad95,2,p1e39bbe0e1b84d0e974ba25f11d72e9,s5457f59715f14a66be670f7c47b960d,2017-02-27 09:24:00,431.3,5.92
o913699501cfd415abc14130d7366ff2,1,p9bc1dc95712949d4a6a475c06f0e317,sd942a2bc3ea54a209a970f3bbe01dbb,2018-02-15 22:35:00,217.71,53.17
offb5fa11635c4b49bbd0ad5bfafc971,1,p043742593ba4468b92a3e823c6bf842,sadaf7ff5227944a9aec04f812b3d7ec,2017-06-04 04:16:00,232.2,44.28
o3757c5c60d43484688580aa8dd6e90a,1,p33da8d9719fe41efb89c2ed03899bc3,s55c49a6678134d889462cd28b34c53f,2017-06-27 01:50:00,379.99,9.46
o3757c5c60d43484688580aa8dd6e90a,2,pf637feccc06945a095f61b19b446423,sd7d9f62b3fc24153aaa048b23268063,2017-06-27 01:50:00,17.78,13.25
o3757c5c60d43484688580aa8dd6e90a,3,pd5584df2dc684e6b8209a1550bf87eb,sc8c08dc14a524da48d7b953f9fd29e9,2017-06-27 01:50:00,322.62,5.55
o8763037ad354448ab341f881a7e1cd5,1,pb082877195aa44bab7ecd8448e93269,s006b166e1f1348178f854b08586fe8d,2017-01-21 10:34:00,61.55,10.78
o4f3006dcf10d4251aff5bd66360430d,1,p8fb70896ceb84a7aad90e793a9f0eb3,sc8c08dc14a524da48d7b953f9fd29e9,2018-02-25 15:36:00,191.3,27.63
o4f3006dcf10d4251aff5bd66360430d,2,p3e8029aab7b240c595103e1d8e960d4,s55c49a6678134d889462cd28b34c53f,2018-02-25 15:36:00,291.99,47.17
o4f3006dcf10d4251aff5bd66360430d,3,p5e756c57f5df42a685c34b4e287bb82,sd942a2bc3ea54a209a970f3bbe01dbb,2018-02-25 15:36:00,382.72,43.69
ob3954d2b98a54580bc6aca4199dece0,1,pfcc0279719804f91a60dfa8887fd972,s61a1b83494ce4c119d9ba233dd5cf8a,2017-10-10 15:59:00,433.24,40.22
ob3954d2b98a54580bc6aca4199dece0,2,p2aae6f6c368d4531b8719fd7d2d6d33,sc8c08dc14a524da48d7b953f9fd29e9,2017-10-10 15:59:00,145.19,38.84
o21da06296d3a45ddb3b8b159a38745a,1,pe7569b37ff02407fb5f3a0ff7c8ebf6,s61a1b83494ce4c119d9ba233dd5cf8a,2018-06-02 10:22:00,290.84,52.01
o1aee8534c9b44d30967daa793be8633,1,p673442518a0647e6aff65aab31e8294,s4243bb6f10e041efa5d6808100ed7b1,2017-04-03 05:39:00,184.49,26.64
o1aee8534c9b44d30967daa793be8633,2,p886b74fbb3bf4f38a12011e1be6ea59,s61a1b83494ce4c119d9ba233dd5cf8a,2017-04-03 05:39:00,425.19,31.68
oad160e529f2f4497a1b4053a3b94f61,1,p1f777446f8bc41e0a23653e376fa844,sd7d9f62b3fc24153aaa048b23268063,2017-04-20 12:05:00,51.84,59.07
o1ecd220eb4514d258d5ab29a6e341a5,1,p9a51256767ba4e3bbcf4241a2767556,sadaf7ff5227944a9aec04f812b3d7ec,2017-11-09 19:31:00,328.59,34.75
o73600b0157b840c9aad2a5322506026,1,pedc80fd1520045b491de86e2286b78c,sd942a2bc3ea54a209a970f3bbe01dbb,2017-12-09 19:21:00,151.67,62.87
o73600b0157b840c9aad2a5322506026,2,pfcc0279719804f91a60dfa8887fd972,s5457f59715f14a66be670f7c47b960d,2017-12-09 19:21:00,334.67,42.97
o73600b0157b840c9aad2a5322506026,3,p1c2dcd1be9504a99af096c49bf2ead6,sadaf7ff5227944a9aec04f812b3d7ec,2017-12-09 19:21:00,156.76,21.82
oa3cfda04833941d6946a29496808198,1,p25f770c5758446b9b0bd73f00aa3221,sadaf7ff5227944a9aec04f812b3d7ec,2018-04-23 06:13:00,124.92,14.25
o60327ea14aa147939d9077f8eea2d8d,1,p5e756c57f5df42a685c34b4e287bb82,s76118a622a8a4a6f9c38c6703a793ed,2018-07-16 08:50:00,349.5,44.46
o7c1e26534e4b4b679f51150fc6b6bdd,1,p1c2dcd1be9504a99af096c49bf2ead6,sadaf7ff5227944a9aec04f812b3d7ec,2017-12-11 01:27:00,208.91,28.47
oe5da657c4a2245ceb4cea3a0726697d,1,pe55c31ab7d884e139f4a9163f6f9434,s12911c3fd6ee4705bd431964beb5cc1,2018-03-07 10:07:00,222.13,31.29
ob976d62d955c4e6f822ab37be352932,1,p901a1f4bf37444a5965537a8a4ceedb,s006b166e1f1348178f854b08586fe8d,2017-06-23 14:15:00,293.61,30.93
ob976d62d955c4e6f822ab37be352932,2,p509bda87e3b6423fbbf621ca59e7db6,s4243bb6f10e041efa5d6808100ed7b1,2017-06-23 14:15:00,282.14,16.84
oa1ec907488074572bea5f30a108ec7c,1,pfcc0279719804f91a60dfa8887fd972,sd9115cf05943475dbc757d0991b9042,2018-07-09 02:23:00,184.06,28.55
oa1ec907488074572bea5f30a108ec7c,2,p049cd665404e4a23b77fa6578ef5dd2,s12911c3fd6ee4705bd431964beb5cc1,2018-07-09 02:23:00,168.11,32.47
oa1ec907488074572bea5f30a108ec7c,3,pc5bbaac5309c4599a2a63d01c2501e0,sf52559682c644eb2adad5c7496eeb64,2018-07-09 02:23:00,322.1,22.85
o0bff5bb557124266b75b020ba120504,1,pc5bbaac5309c4599a2a63d01c2501e0,se81cb3c178604b39811eafab1e11775,2018-06-13 10:26:00,87.59,22.33
o263f7f4fdd2e4047b0f69b1c1da7e52,1,p043742593ba4468b92a3e823c6bf842,s61a1b83494ce4c119d9ba233dd5cf8a,2018-02-03 07:32:00,361.21,18.23
o4130480147a4428aa8caf8bab72c043,1,p9aff35cd6ceb4ab786ff49401c78252,sf15f5e4f742b4dba92127f8dd0ff524,2018-08-15 13:17:00,445.55,11.14
o4130480147a4428aa8caf8bab72c043,2,p8610e01651304311b6a1f4ea93bde41,s5457f59715f14a66be670f7c47b960d,2018-08-15 13:17:00,395.54,6.93
o4dd94b1392004eb5bf765f7606bc908,1,p60b62ebf0ae64d2dacfdb7afb57c567,se81cb3c178604b39811eafab1e11775,2017-12-31 02:39:00,137.27,37.33
o6d775618631f46bf8558df761b2bf67,1,pe7569b37ff02407fb5f3a0ff7c8ebf6,sadaf7ff5227944a9aec04f812b3d7ec,2017-05-23 23:50:00,346.24,45.57
o69ac99f2c7cc405ca81302f64809431,1,p886b74fbb3bf4f38a12011e1be6ea59,s4243bb6f10e041efa5d6808100ed7b1,2018-06-18 01:17:00,437.89,43.09
of305ca2028c643f9876c10eca7624f1,1,p2809d239a2a14adeb91293e56821d8e,s61a1b83494ce4c119d9ba233dd5cf8a,2017-12-01 18:21:00,69.04,56.46
oe3d3af48ab5d4b4883009a54d5f7f48,1,p3419b8bc6e2b493b9fa0ebba9f7d8db,s4243bb6f10e041efa5d6808100ed7b1,2017-06-16 22:05:00,319.26,19.05
o4c69b97bedc3496682910a1954c1e1c,1,p886b74fbb3bf4f38a12011e1be6ea59,s4243bb6f10e041efa5d6808100ed7b1,2017-01-14 13:44:00,365.59,11.19
o1e612970d39d4d559b6376a1c44d7b8,1,pf81b502102ce4a3fb464e34c9df241e,sd9115cf05943475dbc757d0991b9042,2017-03-17 14:36:00,313.66,56.6
o1e612970d39d4d559b6376a1c44d7b8,2,p886b74fbb3bf4f38a12011e1be6ea59,s76118a622a8a4a6f9c38c6703a793ed,2017-03-17 14:36:00,75.91,12.39
o05964638195f4635a37b7dd4071a40c,1,p8df5964ac6c84f6fa75c671783f9cdb,scc010e9e51124776acd26b08b786c75,2017-09-17 13:38:00,97.06,28.51
ofdb3ccd398cc461ea9b2407dd7d0a41,1,p043742593ba4468b92a3e823c6bf842,sb6ecb24c190a48aca859fcb9d53597f,2018-06-29 14:23:00,173.95,45.98
ofdb3ccd398cc461ea9b2407dd7d0a41,2,p3e8029aab7b240c595103e1d8e960d4,sd7d9f62b3fc24153aaa048b23268063,2018-06-29 14:23:00,46.75,40.24
o238df1a35e81446491050319cc6b774,1,p5e756c57f5df42a685c34b4e287bb82,scc010e9e51124776acd26b08b786c75,2018-06-03 10:26:00,415.6,63.46
o838e7ceac47e4f87abe0fe478d4159d,1,pc5bbaac5309c4599a2a63d01c2501e0,s76118a622a8a4a6f9c38c6703a793ed,2018-03-29 04:54:00,20.51,13.23
o2d87a3f767da4e8ba471ef9d1fee5ba,1,pcf84502e3cf849a9871f4f0cf698fa4,scc010e9e51124776acd26b08b786c75,2017-05-15 20:49:00,42.78,47.74
o2d87a3f767da4e8ba471ef9d1fee5ba,2,p1c2dcd1be9504a99af096c49bf2ead6,s631ff1e6e97c4f1cb7507c0eef58e04,2017-05-15 20:49:00,48.53,32.31
o53419465c3e24420814474056b8a883,1,p673442518a0647e6aff65aab31e8294,s006b166e1f1348178f854b08586fe8d,2017-08-28 00:32:00,420.05,56.45
oe6f0916fb4fa4010a2a1b2aa9ee235e,1,p67a6579f5be94c97bf63e690cb8f2f2,sc148465fc2574bd793d1446dd04ae3d,2017-03-26 16:23:00,391.72,51.41
oe6f0916fb4fa4010a2a1b2aa9ee235e,2,p3419b8bc6e2b493b9fa0ebba9f7d8db,s1205c1737cae4d79805c591b9af712a,2017-03-26 16:23:00,52.58,32.4
oe6f0916fb4fa4010a2a1b2aa9ee235e,3,pefe2cb56e7b2498a960b3bcff296db2,sf15f5e4f742b4dba92127f8dd0ff524,2017-03-26 16:23:00,141.84,52.07
o81e0342148fc47d287428bd6ab0bc7d,1,pad6eea1e34e34a3f817b63ffabd2459,sd7d9f62b3fc24153aaa048b23268063,2017-06-08 17:59:00,300.93,55.94
o81e0342148fc47d287428bd6ab0bc7d,2,p3419b8bc6e2b493b9fa0ebba9f7d8db,s76118a622a8a4a6f9c38c6703a793ed,2017-06-08 17:59:00,104.26,63.99
o81e0342148fc47d287428bd6ab0bc7d,3,p835af0d0529045af990915a2ec0cde5,sd942a2bc3ea54a209a970f3bbe01dbb,2017-06-08 17:59:00,433.12,63.35
of651c7ae1c1641389b6ec7d069bc3ab,1,p574eca7d8ff14a419a11998c041fa85,sadaf7ff5227944a9aec04f812b3d7ec,2018-04-20 13:05:00,141.88,56.05
ofb2725a2ef51429cb6282e75526e664,1,p60b82755a5e942109f8e58892888e64,s12911c3fd6ee4705bd431964beb5cc1,2017-07-31 15:49:00,434.62,17.46
oa62329c95acb4db7a94838cb82d12dd,1,pc5bbaac5309c4599a2a63d01c2501e0,s61a1b83494ce4c119d9ba233dd5cf8a,2017-08-13 22:09:00,429.16,56.28
o83d82dd3c18a4bc5b6cd0c9631a6ae8,1,p67a6579f5be94c97bf63e690cb8f2f2,sf15f5e4f742b4dba92127f8dd0ff524,2017-08-20 23:12:00,407.59,31.61
ofcadf3c366464c67a206e9ac5a6df6c,1,p673442518a0647e6aff65aab31e8294,s55c49a6678134d889462cd28b34c53f,2018-02-14 06:01:00,282.14,42.02
o8c6beb5c56d3449180a07a5ec78b3e4,1,p4af20803b99745228814c971463eb12,s3f2abab2451142d0927b8e58c4eafeb,2018-06-28 06:40:00,171.21,37.67
oc49ded661a6841c38576869b90d72fb,1,p4e21ca0b6efc4631973c89e2b48c62c,sadaf7ff5227944a9aec04f812b3d7ec,2017-02-01 19:38:00,438.68,11.01
o6b72ef1d51fc462d81a8ce79c76091b,1,p043742593ba4468b92a3e823c6bf842,s2a4c856b95204db8b1f762fbc9f3c57,2017-07-02 13:15:00,76.81,61.9
o6b72ef1d51fc462d81a8ce79c76091b,2,p0d5dab5d7281429bbc368021494a5b3,se81cb3c178604b39811eafab1e11775,2017-07-02 13:15:00,149.44,34.43
oc7de8c2816a94c559c81eff6a010cf9,1,pfde51743c162499099ab467cd16b2df,sd7d9f62b3fc24153aaa048b23268063,2017-05-19 16:45:00,63.25,36.58
oc7de8c2816a94c559c81eff6a010cf9,2,p9d9e6a3902694f77a5c7c12e7149529,sc8c08dc14a524da48d7b953f9fd29e9,2017-05-19 16:45:00,177.51,61.52
oa533e4447ba648f980aadb3577043bc,1,p3d4c6cb70a334e188af937696d0e02e,sf52559682c644eb2adad5c7496eeb64,2017-11-26 10:45:00,271.19,15.52
oa533e4447ba648f980aadb3577043bc,2,p3419b8bc6e2b493b9fa0ebba9f7d8db,s4243bb6f10e041efa5d6808100ed7b1,2017-11-26 10:45:00,314.5,12.64
o06b87bfd993149f5896691e8aef9f07,1,pe5b1c6999481431abaad3399ebd0544,sd942a2bc3ea54a209a970f3bbe01dbb,2017-07-11 14:20:00,76.18,49.72
o1699789ef09f4094b38de6d152bbaea,1,p1f777446f8bc41e0a23653e376fa844,sc148465fc2574bd793d1446dd04ae3d,2018-04-08 08:16:00,333.67,63.15
oad33d79f85134afcb08f535aa19c98f,1,p4af20803b99745228814c971463eb12,s006b166e1f1348178f854b08586fe8d,2017-06-20 18:04:00,333.41,37.82
o06025fef6a964687813b126269ea627,1,p9aff35cd6ceb4ab786ff49401c78252,sfa26dce7050f419e877b252162124aa,2017-06-22 20:56:00,302.36,22.84
of96c9f8e5bf34a628918a6b29873083,1,p049cd665404e4a23b77fa6578ef5dd2,s5457f59715f14a66be670f7c47b960d,2017-11-03 02:40:00,356.42,33.26
o98e7973f50284cd6868742ecd1aa049,1,p6c571237f78245debef7d15b01c9c1f,sc8c08dc14a524da48d7b953f9fd29e9,2017-07-16 07:02:00,305.64,53.49
o3308dd4d2eb04906b30bc5aded27a34,1,p56cdafda7d52401f96c331b07b18b7a,sf5c33c9f1d7a41fba661ceafde68030,2018-08-15 01:30:00,67.32,50.43
o1f5dd93dc63a40d1b5d95033287cd5c,1,p0f774a11e981433c92505e25955531e,scc010e9e51124776acd26b08b786c75,2017-07-31 04:09:00,214.3,57.41
oe83c35b4c26d4601bc7057d601f2c66,1,p0d5a2d09296641ebb7aaddba1d03a14,s2a4c856b95204db8b1f762fbc9f3c57,2017-04-24 04:49:00,279.9,7.25
o402d479c5c7d45c6ac6b64a792eb5ce,1,p25f770c5758446b9b0bd73f00aa3221,s5457f59715f14a66be670f7c47b960d,2017-02-26 01:30:00,136.95,34.5
oc46f5b4aed0e465f9dd57cdb5febf88,1,p4f8b3f6c7ebb4c18b10d0dfef0ff02e,s12911c3fd6ee4705bd431964beb5cc1,2017-11-30 10:46:00,372.14,35.92
o8c9cb3ae6bff4fb28fd142add762243,1,p0f774a11e981433c92505e25955531e,s12911c3fd6ee4705bd431964beb5cc1,2017-07-02 15:56:00,373.23,35.31
o8c9cb3ae6bff4fb28fd142add762243,2,p56d4a06b6e5344daa32ba6c05426310,sf52559682c644eb2adad5c7496eeb64,2017-07-02 15:56:00,28.29,27.35
o9f77b76684054eb4821bb25d6da01e0,1,pf81b502102ce4a3fb464e34c9df241e,scc010e9e51124776acd26b08b786c75,2017-10-24 13:24:00,23.72,51.82
o1f1086b6b07241f58d245b08445ef95,1,p56cdafda7d52401f96c331b07b18b7a,s0ef725d99e794db5a29b12d8883d743,2017-10-14 03:57:00,269.25,5.44
oba64e666e66447d5bbd4ef8fdebae8f,1,p25f770c5758446b9b0bd73f00aa3221,sf15f5e4f742b4dba92127f8dd0ff524,2017-04-26 01:04:00,80.22,50.93
oba64e666e66447d5bbd4ef8fdebae8f,2,p63634b55ea534d4d868341458b2f8ab,sd9115cf05943475dbc757d0991b9042,2017-04-26 01:04:00,190.78,24.18
o74159efc87e043628fef177c19f7ae3,1,p3e8029aab7b240c595103e1d8e960d4,sf52559682c644eb2adad5c7496eeb64,2018-02-07 15:02:00,170.95,23.01
o64713a19e1ca4615ace7abb71ba3523,1,pf0f5adfc64604565ad99646d18ec339,sc148465fc2574bd793d1446dd04ae3d,2017-12-15 03:05:00,385.28,33.23
of82fc18ed3a242b7b620a0fd312d0bb,1,p043742593ba4468b92a3e823c6bf842,sc148465fc2574bd793d1446dd04ae3d,2018-01-31 21:19:00,77.3,56.74
ocb4e6fab74914f51aec50d003a9ae3f,1,pc4acf1ac4151476cb5bebfa264ee63f,s0ef725d99e794db5a29b12d8883d743,2017-10-13 07:48:00,201.63,33.64
o57601c79c41d44a5937e7c9aae515a3,1,p3419b8bc6e2b493b9fa0ebba9f7d8db,s006b166e1f1348178f854b08586fe8d,2017-01-24 03:00:00,43.4,7.74
o8586be5c9ce442169fec56ff4381ca8,1,p66b816b375f24cc9b7acdf195b14387,s4243bb6f10e041efa5d6808100ed7b1,2017-12-21 22:22:00,24.53,35.28
o8586be5c9ce442169fec56ff4381ca8,2,p56d4a06b6e5344daa32ba6c05426310,s12911c3fd6ee4705bd431964beb5cc1,2017-12-21 22:22:00,324.33,52.53
o8586be5c9ce442169fec56ff4381ca8,3,p4af20803b99745228814c971463eb12,s631ff1e6e97c4f1cb7507c0eef58e04,2017-12-21 22:22:00,126.27,37.08
o870fa3cd9aef49238e1f0a1d6bf5e33,1,p6c571237f78245debef7d15b01c9c1f,sf52559682c644eb2adad5c7496eeb64,2018-01-30 09:35:00,241.33,42.37
o5197e5074a5448e1a6fc0a65223b908,1,pe7c23092c28748bdbfcb5abf14b9820,sd942a2bc3ea54a209a970f3bbe01dbb,2017-07-28 21:12:00,411.01,46.29
ob6c9c7cce7ca40e090a58c4d15e49ec,1,pf0f5adfc64604565ad99646d18ec339,sfa26dce7050f419e877b252162124aa,2017-06-07 10:49:00,216.96,10.99
ob6c9c7cce7ca40e090a58c4d15e49ec,2,pc5bbaac5309c4599a2a63d01c2501e0,s55c49a6678134d889462cd28b34c53f,2017-06-07 10:49:00,385.73,26.61
ob6c9c7cce7ca40e090a58c4d15e49ec,3,pfcc0279719804f91a60dfa8887fd972,sb6ecb24c190a48aca859fcb9d53597f,2017-06-07 10:49:00,336.26,10.7
o8362b9d147d94ab28274d899b14b5be,1,pe55c31ab7d884e139f4a9163f6f9434,sb6ecb24c190a48aca859fcb9d53597f,2017-04-10 18:52:00,297.25,52.81
o34642039070648be8760dafe65b8085,1,p574eca7d8ff14a419a11998c041fa85,sd942a2bc3ea54a209a970f3bbe01dbb,2018-05-15 03:36:00,415.37,11.78
o34642039070648be8760dafe65b8085,2,pf81b502102ce4a3fb464e34c9df241e,sc148465fc2574bd793d1446dd04ae3d,2018-05-15 03:36:00,35.0,20.7
o86893b5c3d624e4eab27b1e059910de,1,p673442518a0647e6aff65aab31e8294,se81cb3c178604b39811eafab1e11775,2018-06-20 21:44:00,403.05,41.77
o665a4c75a0074fa3bf04dd9723f49e9,1,p4af20803b99745228814c971463eb12,s0ef725d99e794db5a29b12d8883d743,2017-11-29 14:21:00,370.44,9.73
oe7c174e9a5934a788b745cbf42312d0,1,p8df5964ac6c84f6fa75c671783f9cdb,sd9115cf05943475dbc757d0991b9042,2017-05-06 20:47:00,292.33,58.41
oe7c174e9a5934a788b745cbf42312d0,2,pafeb3e0eea274ef5a1b5df36e4da611,sf15f5e4f742b4dba92127f8dd0ff524,2017-05-06 20:47:00,299.75,32.37
o86b638f5560449d3acb569aad92bc18,1,pf0f5adfc64604565ad99646d18ec339,se81cb3c178604b39811eafab1e11775,2018-01-13 21:28:00,242.06,47.13
o86b638f5560449d3acb569aad92bc18,2,p3944eeaf9a3143eaa5c57c7142894c6,s006b166e1f1348178f854b08586fe8d,2018-01-13 21:28:00,229.2,54.31
o86b638f5560449d3acb569aad92bc18,3,pf81b502102ce4a3fb464e34c9df241e,s76118a622a8a4a6f9c38c6703a793ed,2018-01-13 21:28:00,125.62,16.76
o3855906ae59742ddbb6d235d160f1e4,1,p0d5dab5d7281429bbc368021494a5b3,s61a1b83494ce4c119d9ba233dd5cf8a,2017-02-21 23:53:00,245.71,7.91
o8595065a97f34f22a86b3c9ff606899,1,p8610e01651304311b6a1f4ea93bde41,sfa26dce7050f419e877b252162124aa,2017-05-17 06:24:00,188.07,25.57
o8595065a97f34f22a86b3c9ff606899,2,pf0f5adfc64604565ad99646d18ec339,sc148465fc2574bd793d1446dd04ae3d,2017-05-17 06:24:00,365.09,13.29
o8595065a97f34f22a86b3c9ff606899,3,p8df5964ac6c84f6fa75c671783f9cdb,s3f2abab2451142d0927b8e58c4eafeb,2017-05-17 06:24:00,400.6,35.74
o21d1842230044544b32133d95040cc6,1,pe7569b37ff02407fb5f3a0ff7c8ebf6,s3f2abab2451142d0927b8e58c4eafeb,2017-08-08 06:45:00,65.2,26.13
odb1d323e050f406ba30a217b5419952,1,pfde51743c162499099ab467cd16b2df,s55c49a6678134d889462cd28b34c53f,2018-06-24 12:01:00,315.41,22.71
of4c3ac174a784c6a9b130e7a212dafe,1,pfcc0279719804f91a60dfa8887fd972,se81cb3c178604b39811eafab1e11775,2017-09-06 16:50:00,38.4,49.62
of4c3ac174a784c6a9b130e7a212dafe,2,pedc80fd1520045b491de86e2286b78c,sd9115cf05943475dbc757d0991b9042,2017-09-06 16:50:00,392.95,56.63
of4c3ac174a784c6a9b130e7a212dafe,3,p6b56f1bd9d204158b018e11ef9f7fde,sadaf7ff5227944a9aec04f812b3d7ec,2017-09-06 16:50:00,411.5,47.28
ob7ba442452ee4cbc829d01ddfbcc0f2,1,p4af1afe2775844cea5a28befa3c2c47,sf5c33c9f1d7a41fba661ceafde68030,2018-04-09 17:43:00,85.0,55.76
o4c445b868a5342d68c2b53315a3a503,1,p49c8d19b6b0540dca498b1ddc092205,s006b166e1f1348178f854b08586fe8d,2018-05-23 00:36:00,195.93,37.22
off47dd95f1704d219d65e8cc38e4e76,1,p8610e01651304311b6a1f4ea93bde41,s55c49a6678134d889462cd28b34c53f,2018-08-03 19:41:00,311.91,24.26
off47dd95f1704d219d65e8cc38e4e76,2,p049cd665404e4a23b77fa6578ef5dd2,s0ef725d99e794db5a29b12d8883d743,2018-08-03 19:41:00,126.62,48.44
o933266fc8c374776a7c653176ec4643,1,p9a51256767ba4e3bbcf4241a2767556,se81cb3c178604b39811eafab1e11775,2017-03-20 11:43:00,45.64,54.3
o6f4015ccea3e4f0496e518247abc868,1,pe5b1c6999481431abaad3399ebd0544,s5457f59715f14a66be670f7c47b960d,2018-07-06 12:41:00,357.3,23.08
o6f4015ccea3e4f0496e518247abc868,2,p886b74fbb3bf4f38a12011e1be6ea59,s5457f59715f14a66be670f7c47b960d,2018-07-06 12:41:00,347.89,31.26
o78e1efaa1ea24a0cb1e8ff3bf0a811b,1,pfde51743c162499099ab467cd16b2df,s76118a622a8a4a6f9c38c6703a793ed,2017-06-02 15:43:00,33.17,39.36
o78e1efaa1ea24a0cb1e8ff3bf0a811b,2,p2aae6f6c368d4531b8719fd7d2d6d33,se81cb3c178604b39811eafab1e11775,2017-06-02 15:43:00,253.17,10.11
oa48ffc2deef4428aa7fe2e58b0e832d,1,pe7c23092c28748bdbfcb5abf14b9820,sc148465fc2574bd793d1446dd04ae3d,2017-07-12 19:39:00,295.43,9.39
oa48ffc2deef4428aa7fe2e58b0e832d,2,p67a6579f5be94c97bf63e690cb8f2f2,sfa26dce7050f419e877b252162124aa,2017-07-12 19:39:00,57.72,48.54
oa48ffc2deef4428aa7fe2e58b0e832d,3,p0d5a2d09296641ebb7aaddba1d03a14,s1205c1737cae4d79805c591b9af712a,2017-07-12 19:39:00,170.36,45.28
o17d557a402774fc3bc0d7fdbe29ba9e,1,pb082877195aa44bab7ecd8448e93269,sfa26dce7050f419e877b252162124aa,2018-08-27 13:36:00,380.45,13.06
o17d557a402774fc3bc0d7fdbe29ba9e,2,p1e39bbe0e1b84d0e974ba25f11d72e9,sd942a2bc3ea54a209a970f3bbe01dbb,2018-08-27 13:36:00,216.34,26.52
o2d438aeecdbc44ae918552e8daea89c,1,pa81a2d45d5b44205a5acddfdbc1e71f,sf15f5e4f742b4dba92127f8dd0ff524,2017-10-02 20:56:00,409.24,38.1
o1d2e5944beb14a5fb8e443eb8252071,1,pe6cf82110f004886bfd13ca520df92a,sd7d9f62b3fc24153aaa048b23268063,2017-05-23 05:32:00,238.65,31.77
o1d2e5944beb14a5fb8e443eb8252071,2,pc5bbaac5309c4599a2a63d01c2501e0,s2a4c856b95204db8b1f762fbc9f3c57,2017-05-23 05:32:00,427.69,44.56
o1d2e5944beb14a5fb8e443eb8252071,3,pfde51743c162499099ab467cd16b2df,s4243bb6f10e041efa5d6808100ed7b1,2017-05-23 05:32:00,333.42,61.35
o6ac826588b904503854cdd19f364b19,1,p4af1afe2775844cea5a28befa3c2c47,s2a4c856b95204db8b1f762fbc9f3c57,2018-02-06 18:58:00,251.79,15.43
o6ac826588b904503854cdd19f364b19,2,p4af20803b99745228814c971463eb12,s12911c3fd6ee4705bd431964beb5cc1,2018-02-06 18:58:00,270.64,58.89
obc10e8dddf78423f869c6e6c74029cb,1,pd0a67f927a654796991779989350684,s12911c3fd6ee4705bd431964beb5cc1,2017-01-11 23:56:00,276.88,54.02
o2ac993497a5a4a28b2fde5e0cc342ef,1,pfde51743c162499099ab467cd16b2df,s55c49a6678134d889462cd28b34c53f,2018-03-02 04:15:00,87.36,60.35
o2ac993497a5a4a28b2fde5e0cc342ef,2,p4f8b3f6c7ebb4c18b10d0dfef0ff02e,s0ef725d99e794db5a29b12d8883d743,2018-03-02 04:15:00,275.72,38.82
o9f26174bf359437c8bfb356d8c204a8,1,p4af1afe2775844cea5a28befa3c2c47,s006b166e1f1348178f854b08586fe8d,2018-05-14 07:14:00,330.02,25.56
o89fce966b6ce47568b09343b613dd7e,1,p886b74fbb3bf4f38a12011e1be6ea59,sd942a2bc3ea54a209a970f3bbe01dbb,2017-06-08 23:06:00,301.84,59.12
o89fce966b6ce47568b09343b613dd7e,2,p9aff35cd6ceb4ab786ff49401c78252,s61a1b83494ce4c119d9ba233dd5cf8a,2017-06-08 23:06:00,405.18,51.49
o24ed16852eb2481d9ac644fbba5e0bb,1,pd5584df2dc684e6b8209a1550bf87eb,sc8c08dc14a524da48d7b953f9fd29e9,2017-12-30 19:51:00,138.22,57.61
o0fad60fe2a4445eba745dd9b452600c,1,p0f774a11e981433c92505e25955531e,sf52559682c644eb2adad5c7496eeb64,2017-11-25 05:23:00,187.89,17.22
o45461c5b484245b6b91eec88e26c4ec,1,p7bb1795a51de48599d7d995b35c28e6,s1205c1737cae4d79805c591b9af712a,2018-02-17 18:08:00,363.37,41.84
o90a7ca806c0141b8b9e61b52e1c5814,1,p7bb1795a51de48599d7d995b35c28e6,sd9115cf05943475dbc757d0991b9042,2018-05-03 03:27:00,300.44,22.19
o289a3e1612dc44bdb709cb02eae8576,1,pad6eea1e34e34a3f817b63ffabd2459,s006b166e1f1348178f854b08586fe8d,2017-07-24 02:50:00,52.78,21.56
o3e19a2e7d35f4763a736139114c09e0,1,pdfb0f135b9644d549825519a0d211f2,sc148465fc2574bd793d1446dd04ae3d,2018-07-22 19:46:00,419.43,39.49
o0c7ba0cc313244beaf0f3607572671e,1,p2809d239a2a14adeb91293e56821d8e,sf52559682c644eb2adad5c7496eeb64,2018-07-10 12:36:00,215.41,40.21
offedf1bf90aa44d08d7646d3ff80558,1,p857420e1bf9446488d032728e26ec26,sc8c08dc14a524da48d7b953f9fd29e9,2017-11-24 16:22:00,256.23,15.71
oed588825ddd644fb96db1b36479d198,1,pe5b1c6999481431abaad3399ebd0544,s76118a622a8a4a6f9c38c6703a793ed,2017-07-28 21:47:00,415.28,45.55
of21b210cafd643e6aa71bc1b8b25f9c,1,pf637feccc06945a095f61b19b446423,scc010e9e51124776acd26b08b786c75,2018-05-25 00:55:00,362.68,33.7
o162ad88b1f6d4be0b6cf9536a44731d,1,p901a1f4bf37444a5965537a8a4ceedb,se81cb3c178604b39811eafab1e11775,2017-11-25 03:00:00,129.34,21.16
o162ad88b1f6d4be0b6cf9536a44731d,2,p99e24deb0ef8409ebdf8993f71be40c,s1205c1737cae4d79805c591b9af712a,2017-11-25 03:00:00,174.18,34.93
o5230a5c450d543ae9e09f3d38e33477,1,p673442518a0647e6aff65aab31e8294,sd942a2bc3ea54a209a970f3bbe01dbb,2018-08-18 19:14:00,365.47,15.6
oc34f2fa5c4a942919d69a2fb09cbd63,1,p4af1afe2775844cea5a28befa3c2c47,s12911c3fd6ee4705bd431964beb5cc1,2018-02-16 17:44:00,171.73,38.45
oc34f2fa5c4a942919d69a2fb09cbd63,2,p9a51256767ba4e3bbcf4241a2767556,s12911c3fd6ee4705bd431964beb5cc1,2018-02-16 17:44:00,23.63,12.27
o5196519a86974c3e9798e235de202a2,1,pfde51743c162499099ab467cd16b2df,s006b166e1f1348178f854b08586fe8d,2018-01-04 15:43:00,293.65,60.71
oaa4166372b7040d9a9bedc151a0a4aa,1,p9d9e6a3902694f77a5c7c12e7149529,s4243bb6f10e041efa5d6808100ed7b1,2017-11-26 15:18:00,270.31,62.93
oaa4166372b7040d9a9bedc151a0a4aa,2,pf81b502102ce4a3fb464e34c9df241e,s006b166e1f1348178f854b08586fe8d,2017-11-26 15:18:00,94.99,6.39
o68f8d7e5e6e54284b41e29001be5591,1,p5e756c57f5df42a685c34b4e287bb82,s76118a622a8a4a6f9c38c6703a793ed,2017-06-25 21:06:00,129.17,14.32
o9b469c2d7c79411ba805d4efeb6877b,1,pe7c23092c28748bdbfcb5abf14b9820,sc148465fc2574bd793d1446dd04ae3d,2018-06-28 23:01:00,73.77,61.91
o9b469c2d7c79411ba805d4efeb6877b,2,p9aff35cd6ceb4ab786ff49401c78252,s006b166e1f1348178f854b08586fe8d,2018-06-28 23:01:00,272.01,32.39
o9b469c2d7c79411ba805d4efeb6877b,3,p043742593ba4468b92a3e823c6bf842,sb6ecb24c190a48aca859fcb9d53597f,2018-06-28 23:01:00,242.71,43.37
ofe1d97e02b2c476e99b5a68d671bfc3,1,p0d5a2d09296641ebb7aaddba1d03a14,sd7d9f62b3fc24153aaa048b23268063,2017-06-14 16:00:00,222.52,5.55
o492e2d6645144de4a50f8020653c15d,1,p4f8b3f6c7ebb4c18b10d0dfef0ff02e,sd7d9f62b3fc24153aaa048b23268063,2018-02-14 09:10:00,362.98,41.79
of148864dd68c41b2a11395742ec9bed,1,p60b82755a5e942109f8e58892888e64,s61a1b83494ce4c119d9ba233dd5cf8a,2017-10-29 01:40:00,95.88,11.14
o5d97281aa88d477fabec57afa7e5dbd,1,p63634b55ea534d4d868341458b2f8ab,sfa26dce7050f419e877b252162124aa,2017-11-21 09:51:00,352.41,9.28
o5d97281aa88d477fabec57afa7e5dbd,2,p3e8029aab7b240c595103e1d8e960d4,s006b166e1f1348178f854b08586fe8d,2017-11-21 09:51:00,98.6,55.49
o5d97281aa88d477fabec57afa7e5dbd,3,p4af20803b99745228814c971463eb12,s61a1b83494ce4c119d9ba233dd5cf8a,2017-11-21 09:51:00,68.05,51.09
o42caf361a5e8430cb6fb5aa87c359b5,1,pe7c23092c28748bdbfcb5abf14b9820,scc010e9e51124776acd26b08b786c75,2018-06-23 17:13:00,68.13,33.87
o42caf361a5e8430cb6fb5aa87c359b5,2,p25f770c5758446b9b0bd73f00aa3221,sf15f5e4f742b4dba92127f8dd0ff524,2018-06-23 17:13:00,171.79,8.13
o06df941860d2474b952f2bf85587edf,1,p8610e01651304311b6a1f4ea93bde41,s006b166e1f1348178f854b08586fe8d,2018-02-14 23:15:00,232.46,46.16
o06df941860d2474b952f2bf85587edf,2,p857420e1bf9446488d032728e26ec26,sd7d9f62b3fc24153aaa048b23268063,2018-02-14 23:15:00,286.93,8.59
oa20f468edc5b4e23b94f797c026e470,1,pafeb3e0eea274ef5a1b5df36e4da611,s5457f59715f14a66be670f7c47b960d,2018-03-31 09:12:00,251.09,34.41
oa20f468edc5b4e23b94f797c026e470,2,p043742593ba4468b92a3e823c6bf842,s006b166e1f1348178f854b08586fe8d,2018-03-31 09:12:00,251.47,24.42
oc68b8872f69b4d248991a99b7e1f7d7,1,p9d9e6a3902694f77a5c7c12e7149529,sd7d9f62b3fc24153aaa048b23268063,2017-11-03 14:34:00,284.79,24.24
o7fdcc6c0bde84407982ef15256f4854,1,pedc80fd1520045b491de86e2286b78c,s76118a622a8a4a6f9c38c6703a793ed,2017-12-01 19:41:00,226.14,10.93
o7fdcc6c0bde84407982ef15256f4854,2,p1c2dcd1be9504a99af096c49bf2ead6,s631ff1e6e97c4f1cb7507c0eef58e04,2017-12-01 19:41:00,378.79,44.48
o1bf3010bdae1462db92fc3a5c89cf43,1,p63634b55ea534d4d868341458b2f8ab,sd9115cf05943475dbc757d0991b9042,2018-05-23 12:29:00,130.63,7.44
o1bf3010bdae1462db92fc3a5c89cf43,2,p5858aa7127ef4d19a19d364c506a14d,s5457f59715f14a66be670f7c47b960d,2018-05-23 12:29:00,48.9,17.95
o44e4371d7f1e428ebd4a8324c2fe876,1,pe5b1c6999481431abaad3399ebd0544,s006b166e1f1348178f854b08586fe8d,2018-07-31 00:35:00,359.72,38.0
o5a44f75abe284ef6ad970dc56fb2f02,1,p9aff35cd6ceb4ab786ff49401c78252,sf15f5e4f742b4dba92127f8dd0ff524,2018-07-23 15:54:00,178.15,38.01
o1bebfd3353504f2fa9786174fbae7e0,1,p3d4c6cb70a334e188af937696d0e02e,sf15f5e4f742b4dba92127f8dd0ff524,2017-01-22 03:08:00,387.24,6.3
o95999b007ea744a7a73ff536e41c488,1,p25f770c5758446b9b0bd73f00aa3221,sc8c08dc14a524da48d7b953f9fd29e9,2017-04-11 14:29:00,263.16,39.14
o504ae8c0ea3840859ef0d3495c23f6a,1,pb082877195aa44bab7ecd8448e93269,sb6ecb24c190a48aca859fcb9d53597f,2017-11-08 22:46:00,419.66,12.23
o504ae8c0ea3840859ef0d3495c23f6a,2,pd5584df2dc684e6b8209a1550bf87eb,s4243bb6f10e041efa5d6808100ed7b1,2017-11-08 22:46:00,298.96,41.14
oab81752f20cc4ae8a65b7d886db8b3d,1,pf0f5adfc64604565ad99646d18ec339,s0ef725d99e794db5a29b12d8883d743,2017-12-05 19:44:00,79.39,25.17
of805cf0c63d14a0db9b704c16292ce7,1,pcf84502e3cf849a9871f4f0cf698fa4,sd7d9f62b3fc24153aaa048b23268063,2017-05-24 05:35:00,202.08,46.08
o68a9a3eef58f41e780d1c7e28fab6ec,1,pefe2cb56e7b2498a960b3bcff296db2,sf5c33c9f1d7a41fba661ceafde68030,2017-11-14 13:22:00,344.61,56.17
oab3d18c8f4134159b08df7c3d7458cb,1,pe7c23092c28748bdbfcb5abf14b9820,sd942a2bc3ea54a209a970f3bbe01dbb,2017-11-13 23:30:00,286.02,64.54
oab3d18c8f4134159b08df7c3d7458cb,2,p25de0c9004f24bb094f18e735bb10cb,s0ef725d99e794db5a29b12d8883d743,2017-11-13 23:30:00,268.61,44.81
o953eb45034a84fc9acccfa717c77675,1,p1f777446f8bc41e0a23653e376fa844,sadaf7ff5227944a9aec04f812b3d7ec,2017-03-15 19:42:00,441.21,35.51
o953eb45034a84fc9acccfa717c77675,2,p6c571237f78245debef7d15b01c9c1f,s1205c1737cae4d79805c591b9af712a,2017-03-15 19:42:00,225.83,40.83
ocd3f26fec063402bbf63f3b3c932d9e,1,p49c8d19b6b0540dca498b1ddc092205,sfa26dce7050f419e877b252162124aa,2017-12-12 17:25:00,368.17,42.55
ocd3f26fec063402bbf63f3b3c932d9e,2,p1f777446f8bc41e0a23653e376fa844,s61a1b83494ce4c119d9ba233dd5cf8a,2017-12-12 17:25:00,425.7,61.95
ocd3f26fec063402bbf63f3b3c932d9e,3,p3d4c6cb70a334e188af937696d0e02e,sf5c33c9f1d7a41fba661ceafde68030,2017-12-12 17:25:00,163.68,28.57
o9a84927a7ff04ef2b1bba0be7489c2a,1,peda596b308fa43a6b1d1bc6235d7155,s2a4c856b95204db8b1f762fbc9f3c57,2018-03-08 22:36:00,250.49,53.01
ob39ddb3e7567430398a6220e815c395,1,pfcc0279719804f91a60dfa8887fd972,sb6ecb24c190a48aca859fcb9d53597f,2017-11-27 10:35:00,433.12,23.2
obc6b88a359c340b4992988180207f2a,1,p509bda87e3b6423fbbf621ca59e7db6,s12911c3fd6ee4705bd431964beb5cc1,2017-05-20 07:01:00,49.57,51.79
oa67c9037f2d94e77af9846293ec4962,1,pedc80fd1520045b491de86e2286b78c,sd7d9f62b3fc24153aaa048b23268063,2017-05-26 01:12:00,103.98,15.62
oa67c9037f2d94e77af9846293ec4962,2,p6b56f1bd9d204158b018e11ef9f7fde,sd9115cf05943475dbc757d0991b9042,2017-05-26 01:12:00,228.13,24.49
of631a6b5a30b4815914074e7c3120e3,1,p3944eeaf9a3143eaa5c57c7142894c6,sadaf7ff5227944a9aec04f812b3d7ec,2018-02-13 12:47:00,240.64,28.74
of631a6b5a30b4815914074e7c3120e3,2,p3944eeaf9a3143eaa5c57c7142894c6,se81cb3c178604b39811eafab1e11775,2018-02-13 12:47:00,183.52,50.91
of36ef8364ca94ccd8630da9c52c57b7,1,p49c8d19b6b0540dca498b1ddc092205,s76118a622a8a4a6f9c38c6703a793ed,2017-06-24 17:18:00,93.2,40.13
o70a0ac78fff647a88669ce3b5867645,1,p372737b81aed4a75b5b427fb45c01f4,s631ff1e6e97c4f1cb7507c0eef58e04,2018-04-16 07:16:00,172.88,36.43
odb480b6deeb34187a84ce82270bd098,1,p372737b81aed4a75b5b427fb45c01f4,s5457f59715f14a66be670f7c47b960d,2017-12-14 23:55:00,287.51,12.05
oe61d2e1608aa4db3b5aba8f10c8a769,1,pe7c23092c28748bdbfcb5abf14b9820,sfa26dce7050f419e877b252162124aa,2018-05-26 04:13:00,284.6,38.45
o1dc157b9a78d4a67a35a2d389b907c0,1,p4e21ca0b6efc4631973c89e2b48c62c,s12911c3fd6ee4705bd431964beb5cc1,2017-12-10 16:03:00,420.19,10.59
o1dc157b9a78d4a67a35a2d389b907c0,2,p25f770c5758446b9b0bd73f00aa3221,s1205c1737cae4d79805c591b9af712a,2017-12-10 16:03:00,175.33,27.74
o1dc157b9a78d4a67a35a2d389b907c0,3,p67a6579f5be94c97bf63e690cb8f2f2,sd7d9f62b3fc24153aaa048b23268063,2017-12-10 16:03:00,200.89,38.03
o38fb39ae0d4644b7bb6bde46e85361a,1,p8df5964ac6c84f6fa75c671783f9cdb,s3f2abab2451142d0927b8e58c4eafeb,2017-04-27 11:46:00,139.93,41.53
o38fb39ae0d4644b7bb6bde46e85361a,2,pfcc0279719804f91a60dfa8887fd972,sfa26dce7050f419e877b252162124aa,2017-04-27 11:46:00,243.55,64.7
od02302bd9e284a0da17e416f6aac0e0,1,p56d4a06b6e5344daa32ba6c05426310,s4243bb6f10e041efa5d6808100ed7b1,2018-05-25 05:11:00,383.91,52.97
od65065d4aae7428499e6ddc4ef58ed2,1,p857420e1bf9446488d032728e26ec26,s0ef725d99e794db5a29b12d8883d743,2017-10-20 23:50:00,330.11,41.96
od68833ac9d2a455eb885810ebeeaaaa,1,p63634b55ea534d4d868341458b2f8ab,scc010e9e51124776acd26b08b786c75,2017-05-25 21:09:00,145.21,48.5
od68833ac9d2a455eb885810ebeeaaaa,2,pfcc0279719804f91a60dfa8887fd972,se81cb3c178604b39811eafab1e11775,2017-05-25 21:09:00,248.11,17.5
oae7931f90c014df08a9cc9f109a9acc,1,p8fb70896ceb84a7aad90e793a9f0eb3,sfa26dce7050f419e877b252162124aa,2018-07-06 17:36:00,195.03,34.82
oae7931f90c014df08a9cc9f109a9acc,2,p711af43c57ba4cd59711a1745a022d1,s12911c3fd6ee4705bd431964beb5cc1,2018-07-06 17:36:00,211.58,62.04
oa76e4778d87a45369b58c96a517418d,1,p3419b8bc6e2b493b9fa0ebba9f7d8db,sd7d9f62b3fc24153aaa048b23268063,2018-06-08 02:51:00,157.39,51.17
oa76e4778d87a45369b58c96a517418d,2,p6c571237f78245debef7d15b01c9c1f,scc010e9e51124776acd26b08b786c75,2018-06-08 02:51:00,309.37,12.96
o438ddc6d0ee345218606a790aaec3b2,1,pe7569b37ff02407fb5f3a0ff7c8ebf6,sf15f5e4f742b4dba92127f8dd0ff524,2017-12-13 09:56:00,98.76,21.6
o438ddc6d0ee345218606a790aaec3b2,2,pfcc0279719804f91a60dfa8887fd972,sd7d9f62b3fc24153aaa048b23268063,2017-12-13 09:56:00,206.89,12.06
oa7eaf3f5f22e483e98e4b6506178cc2,1,p857420e1bf9446488d032728e26ec26,se81cb3c178604b39811eafab1e11775,2018-07-14 19:35:00,207.99,12.8
o1b94f42d027f4641b869503e6509710,1,p6c8a16357a1b4222b92b1b10fd86cc8,s76118a622a8a4a6f9c38c6703a793ed,2018-01-05 12:21:00,213.18,46.07
o04032cb72f0d4552b83935ec30c0666,1,p60b62ebf0ae64d2dacfdb7afb57c567,sd942a2bc3ea54a209a970f3bbe01dbb,2018-01-13 13:11:00,215.64,15.25
o8a5dd80ec4274db49f147024975ea2b,1,pd0a67f927a654796991779989350684,sd942a2bc3ea54a209a970f3bbe01dbb,2018-07-29 13:04:00,181.96,25.44
oee1a8b8e924341bab31e800b4ad6bf3,1,pe7569b37ff02407fb5f3a0ff7c8ebf6,se81cb3c178604b39811eafab1e11775,2017-07-03 01:42:00,57.48,31.71
o180eaa83834247fbabf0530598c2ff1,1,p673442518a0647e6aff65aab31e8294,sc148465fc2574bd793d1446dd04ae3d,2018-05-27 02:42:00,246.1,28.4
of073fedb9e0b4203aafa902c686bab6,1,pf637feccc06945a095f61b19b446423,s61a1b83494ce4c119d9ba233dd5cf8a,2017-04-07 11:00:00,320.96,54.25
of073fedb9e0b4203aafa902c686bab6,2,p60fc66193bd240d0b580cdcf8fb589b,s76118a622a8a4a6f9c38c6703a793ed,2017-04-07 11:00:00,389.64,56.94
o4d4e6eb7c3984928964e598d783e01f,1,p574eca7d8ff14a419a11998c041fa85,sf5c33c9f1d7a41fba661ceafde68030,2017-07-02 05:08:00,20.05,43.9
o4d4e6eb7c3984928964e598d783e01f,2,pfde51743c162499099ab467cd16b2df,s4243bb6f10e041efa5d6808100ed7b1,2017-07-02 05:08:00,399.93,44.48
o4d4e6eb7c3984928964e598d783e01f,3,peda596b308fa43a6b1d1bc6235d7155,sc8c08dc14a524da48d7b953f9fd29e9,2017-07-02 05:08:00,74.69,53.36
o3b79b84a3a984bdfbad4a8f530db571,1,p49c8d19b6b0540dca498b1ddc092205,sfa26dce7050f419e877b252162124aa,2018-07-24 22:24:00,193.71,37.77
o087ace81d52d487dbe79c96f38e46c2,1,p886b74fbb3bf4f38a12011e1be6ea59,sadaf7ff5227944a9aec04f812b3d7ec,2017-06-01 00:46:00,220.52,49.5
o087ace81d52d487dbe79c96f38e46c2,2,p5858aa7127ef4d19a19d364c506a14d,sf52559682c644eb2adad5c7496eeb64,2017-06-01 00:46:00,290.65,52.89
o2e145e83f58b45b3a47266dec8b3c0a,1,p63634b55ea534d4d868341458b2f8ab,s631ff1e6e97c4f1cb7507c0eef58e04,2018-03-12 20:51:00,220.82,15.14
o45f44d862ce34a5f8aa4c2685f58f9d,1,p673442518a0647e6aff65aab31e8294,sf52559682c644eb2adad5c7496eeb64,2017-09-21 15:39:00,209.29,53.47
o45f44d862ce34a5f8aa4c2685f58f9d,2,p4af1afe2775844cea5a28befa3c2c47,s3f2abab2451142d0927b8e58c4eafeb,2017-09-21 15:39:00,117.75,15.85
odb15c7925a934a50b6b6a3e0ca930b1,1,p049cd665404e4a23b77fa6578ef5dd2,s55c49a6678134d889462cd28b34c53f,2018-03-04 12:24:00,87.91,28.92
o75d1ed77f6974ccca343118422c90be,1,p6c571237f78245debef7d15b01c9c1f,se81cb3c178604b39811eafab1e11775,2018-07-03 17:00:00,292.28,62.37
o75d1ed77f6974ccca343118422c90be,2,pb082877195aa44bab7ecd8448e93269,sd9115cf05943475dbc757d0991b9042,2018-07-03 17:00:00,414.35,56.5
o75d1ed77f6974ccca343118422c90be,3,p1e39bbe0e1b84d0e974ba25f11d72e9,sfa26dce7050f419e877b252162124aa,2018-07-03 17:00:00,131.18,10.9
oc399cdcbfc064f6baf58a678e829f42,1,p3d4c6cb70a334e188af937696d0e02e,s4243bb6f10e041efa5d6808100ed7b1,2017-11-22 20:00:00,138.23,16.58
o724d03dbc2be4e6eb32ee7bbc299ae4,1,p9a51256767ba4e3bbcf4241a2767556,s5457f59715f14a66be670f7c47b960d,2017-05-07 23:54:00,218.13,61.17
ob00396c0785d4e0eae88d7541709507,1,p4af1afe2775844cea5a28befa3c2c47,s006b166e1f1348178f854b08586fe8d,2017-06-19 23:04:00,206.65,34.5
ob00396c0785d4e0eae88d7541709507,2,pedc80fd1520045b491de86e2286b78c,sd9115cf05943475dbc757d0991b9042,2017-06-19 23:04:00,185.8,43.73
ob00396c0785d4e0eae88d7541709507,3,pe5b1c6999481431abaad3399ebd0544,sf5c33c9f1d7a41fba661ceafde68030,2017-06-19 23:04:00,250.17,30.88
o9460f9d25b884401a606e074f872657,1,p1e39bbe0e1b84d0e974ba25f11d72e9,s0ef725d99e794db5a29b12d8883d743,2018-04-07 06:57:00,264.97,35.92
o5c4c8dc7ee924fffb456e24ec72cbe6,1,p7bb1795a51de48599d7d995b35c28e6,s55c49a6678134d889462cd28b34c53f,2017-01-09 07:44:00,290.04,62.53
oc6559eb6b0174b63a72299c1df58634,1,pe5b1c6999481431abaad3399ebd0544,s631ff1e6e97c4f1cb7507c0eef58e04,2017-07-05 15:02:00,314.65,34.19
o508895d0c041446e837c785f9a2e398,1,p372737b81aed4a75b5b427fb45c01f4,s61a1b83494ce4c119d9ba233dd5cf8a,2017-01-31 09:37:00,31.11,8.36
o508895d0c041446e837c785f9a2e398,2,p3944eeaf9a3143eaa5c57c7142894c6,s0ef725d99e794db5a29b12d8883d743,2017-01-31 09:37:00,66.41,53.43
o508895d0c041446e837c785f9a2e398,3,p4f8b3f6c7ebb4c18b10d0dfef0ff02e,sc148465fc2574bd793d1446dd04ae3d,2017-01-31 09:37:00,423.94,57.21
obefab19d84cf4532a2864b350f6aa0c,1,p6c571237f78245debef7d15b01c9c1f,sc148465fc2574bd793d1446dd04ae3d,2018-05-03 15:02:00,280.88,55.12
obefab19d84cf4532a2864b350f6aa0c,2,p67a6579f5be94c97bf63e690cb8f2f2,s76118a622a8a4a6f9c38c6703a793ed,2018-05-03 15:02:00,64.67,40.7
of3ba20474d0d43dfaf42bbd4458bb4d,1,p56d4a06b6e5344daa32ba6c05426310,sfa26dce7050f419e877b252162124aa,2017-12-03 15:43:00,76.44,29.91
od192d34ec607407ca59554c887451f5,1,p87a9d8f95fa24b0d9981690ee8ec8be,sb6ecb24c190a48aca859fcb9d53597f,2017-06-15 10:56:00,316.67,52.53
o3291a021da10402d83918e6149b96fc,1,p56d4a06b6e5344daa32ba6c05426310,scc010e9e51124776acd26b08b786c75,2017-07-08 23:31:00,439.9,42.14
o63f713fe4c694e6292847ee4350ba4e,1,pf637feccc06945a095f61b19b446423,s631ff1e6e97c4f1cb7507c0eef58e04,2017-07-23 14:50:00,173.42,17.58
o63f713fe4c694e6292847ee4350ba4e,2,p9a51256767ba4e3bbcf4241a2767556,s1205c1737cae4d79805c591b9af712a,2017-07-23 14:50:00,283.32,58.4
ofc5959bc2b544a81b7d19402fb0f656,1,p049cd665404e4a23b77fa6578ef5dd2,s1205c1737cae4d79805c591b9af712a,2017-03-19 07:46:00,114.09,19.23
ofe300cf0452d453481993c0e16a3674,1,p8fb70896ceb84a7aad90e793a9f0eb3,s3f2abab2451142d0927b8e58c4eafeb,2018-04-16 02:24:00,262.37,21.84
o2cf2f1cc2cac4899809e579c9a9bd16,1,p6c8a16357a1b4222b92b1b10fd86cc8,sfa26dce7050f419e877b252162124aa,2018-08-20 07:54:00,21.31,30.69
o16bcb27b4beb49fe8239ac520d72ecb,1,pc4acf1ac4151476cb5bebfa264ee63f,scc010e9e51124776acd26b08b786c75,2018-03-09 09:02:00,186.53,53.58
o403e375d00324bf085317df113476bd,1,p2809d239a2a14adeb91293e56821d8e,s2a4c856b95204db8b1f762fbc9f3c57,2018-02-25 20:08:00,340.07,6.46
o7e8f899dbf484945903e832d57d22d2,1,p9aff35cd6ceb4ab786ff49401c78252,s2a4c856b95204db8b1f762fbc9f3c57,2017-03-19 08:57:00,360.6,52.26
o7e8f899dbf484945903e832d57d22d2,2,p5e756c57f5df42a685c34b4e287bb82,sd9115cf05943475dbc757d0991b9042,2017-03-19 08:57:00,398.17,49.15
o7e8f899dbf484945903e832d57d22d2,3,p63634b55ea534d4d868341458b2f8ab,scc010e9e51124776acd26b08b786c75,2017-03-19 08:57:00,426.22,45.48
o14de6f7d59c144a0b9f4df9c9a801fe,1,p4e21ca0b6efc4631973c89e2b48c62c,s3f2abab2451142d0927b8e58c4eafeb,2018-08-03 07:49:00,106.26,49.7
o14de6f7d59c144a0b9f4df9c9a801fe,2,p3d4c6cb70a334e188af937696d0e02e,s1205c1737cae4d79805c591b9af712a,2018-08-03 07:49:00,168.43,21.04
o14de6f7d59c144a0b9f4df9c9a801fe,3,pc4acf1ac4151476cb5bebfa264ee63f,sfa26dce7050f419e877b252162124aa,2018-08-03 07:49:00,38.69,27.37
o266221164eea4bc190d2d6d7cd5620b,1,p25de0c9004f24bb094f18e735bb10cb,s5457f59715f14a66be670f7c47b960d,2017-10-27 14:06:00,196.19,45.94
o266221164eea4bc190d2d6d7cd5620b,2,p574eca7d8ff14a419a11998c041fa85,sd942a2bc3ea54a209a970f3bbe01dbb,2017-10-27 14:06:00,165.81,31.63
o266221164eea4bc190d2d6d7cd5620b,3,p25de0c9004f24bb094f18e735bb10cb,s5457f59715f14a66be670f7c47b960d,2017-10-27 14:06:00,97.24,6.32
ob5a0e0ce8136473bac4ce9f83f07f0c,1,p3419b8bc6e2b493b9fa0ebba9f7d8db,s006b166e1f1348178f854b08586fe8d,2018-05-18 21:42:00,358.33,18.61
ob5a0e0ce8136473bac4ce9f83f07f0c,2,pefe2cb56e7b2498a960b3bcff296db2,s5457f59715f14a66be670f7c47b960d,2018-05-18 21:42:00,349.84,7.84
oebb4cd04b2074a1da206833d0cf0a8d,1,p8fb70896ceb84a7aad90e793a9f0eb3,sf52559682c644eb2adad5c7496eeb64,2017-06-19 23:07:00,152.87,25.63
oafb98458b97f499abc2b9d0da93b75a,1,pf0f5adfc64604565ad99646d18ec339,sd7d9f62b3fc24153aaa048b23268063,2018-04-20 14:09:00,441.6,39.42
oc7a71a589d5e422b8489d89ace29800,1,p4e21ca0b6efc4631973c89e2b48c62c,scc010e9e51124776acd26b08b786c75,2017-11-16 17:25:00,111.63,61.14
oc9a350a18acf4c2ea664719462aa8c1,1,p60b62ebf0ae64d2dacfdb7afb57c567,s5457f59715f14a66be670f7c47b960d,2018-06-12 22:58:00,440.22,57.46
of6b97b1a64f64f899f959f2c0139271,1,pa81a2d45d5b44205a5acddfdbc1e71f,sd7d9f62b3fc24153aaa048b23268063,2018-03-05 14:53:00,178.46,5.4
o483eb69552184dd080bb624a99ecdc2,1,p6c8a16357a1b4222b92b1b10fd86cc8,sadaf7ff5227944a9aec04f812b3d7ec,2018-01-31 16:35:00,26.68,5.15
o3f7676076d994a499c0e77a0f0155c8,1,p3e8029aab7b240c595103e1d8e960d4,s3f2abab2451142d0927b8e58c4eafeb,2017-02-03 13:48:00,370.95,27.39
o44a65bcc0a9b4832a1b5f35f4da2ba6,1,p5858aa7127ef4d19a19d364c506a14d,scc010e9e51124776acd26b08b786c75,2018-01-06 01:03:00,99.31,42.68
oa37cc5c9a0064398afee6b5ffc84970,1,p87a9d8f95fa24b0d9981690ee8ec8be,s12911c3fd6ee4705bd431964beb5cc1,2017-10-09 23:44:00,353.78,29.72
o7810117bb66249d787b75e20ff67d1a,1,p6b56f1bd9d204158b018e11ef9f7fde,sd9115cf05943475dbc757d0991b9042,2018-03-09 19:58:00,242.56,63.21
o1713ce94c2064a67a351bc5d9e995fc,1,pedc80fd1520045b491de86e2286b78c,s76118a622a8a4a6f9c38c6703a793ed,2017-08-08 12:05:00,29.26,44.59
o684531f07c524494982ed33a4fcc2eb,1,p49c8d19b6b0540dca498b1ddc092205,sd7d9f62b3fc24153aaa048b23268063,2017-07-28 14:42:00,331.92,19.51
off4e2a9a86174f4695cab28dd93719a,1,p901a1f4bf37444a5965537a8a4ceedb,sc148465fc2574bd793d1446dd04ae3d,2018-07-09 16:46:00,307.98,11.44
o9a1cf03f037e4e8fab90cf5068df7f5,1,p049cd665404e4a23b77fa6578ef5dd2,s0ef725d99e794db5a29b12d8883d743,2018-04-28 11:33:00,138.37,41.02
o231577805fd6419da46e84181cf66df,1,p6b56f1bd9d204158b018e11ef9f7fde,scc010e9e51124776acd26b08b786c75,2018-01-17 03:00:00,301.47,10.1
oad5ff54d79054821bead88f2cabbe05,1,p4e21ca0b6efc4631973c89e2b48c62c,s2a4c856b95204db8b1f762fbc9f3c57,2018-01-13 16:21:00,133.74,52.37
o4c816f23f7fd4517b8a5c4b2616828b,1,p0d5dab5d7281429bbc368021494a5b3,sf52559682c644eb2adad5c7496eeb64,2017-04-25 18:16:00,26.64,15.75
o4c816f23f7fd4517b8a5c4b2616828b,2,p8df5964ac6c84f6fa75c671783f9cdb,sf52559682c644eb2adad5c7496eeb64,2017-04-25 18:16:00,157.23,23.17
obb407400040e4a0e9c82ed7eddc8f86,1,p56d4a06b6e5344daa32ba6c05426310,s0ef725d99e794db5a29b12d8883d743,2018-06-06 17:34:00,210.8,56.17
obb407400040e4a0e9c82ed7eddc8f86,2,p6b56f1bd9d204158b018e11ef9f7fde,sc148465fc2574bd793d1446dd04ae3d,2018-06-06 17:34:00,30.65,15.61
od70823c239454d5aafaf45c5e8c4b86,1,p4af20803b99745228814c971463eb12,sd9115cf05943475dbc757d0991b9042,2018-07-27 11:34:00,309.27,50.99
o41e7a47e9a2f4f8f80abac163651481,1,p3419b8bc6e2b493b9fa0ebba9f7d8db,s2a4c856b95204db8b1f762fbc9f3c57,2017-12-21 03:06:00,51.95,46.28
o1cca9b0d1f874b758160ca69981ab6f,1,p0d5a2d09296641ebb7aaddba1d03a14,s76118a622a8a4a6f9c38c6703a793ed,2017-10-05 10:44:00,315.53,17.35
off689e66b8b040dead10cac5e823c30,1,p6c571237f78245debef7d15b01c9c1f,s2a4c856b95204db8b1f762fbc9f3c57,2018-07-07 22:18:00,161.52,9.04
off689e66b8b040dead10cac5e823c30,2,p33da8d9719fe41efb89c2ed03899bc3,sd942a2bc3ea54a209a970f3bbe01dbb,2018-07-07 22:18:00,200.79,25.84
o32302edb28144fe1ad5e768589c8fdb,1,p901a1f4bf37444a5965537a8a4ceedb,s2a4c856b95204db8b1f762fbc9f3c57,2017-09-20 19:32:00,232.15,44.65
oc2cc0bd2f030426daaf1ada0956c205,1,p67a6579f5be94c97bf63e690cb8f2f2,s631ff1e6e97c4f1cb7507c0eef58e04,2018-06-23 20:23:00,103.55,29.75
oc2cc0bd2f030426daaf1ada0956c205,2,p87a9d8f95fa24b0d9981690ee8ec8be,s631ff1e6e97c4f1cb7507c0eef58e04,2018-06-23 20:23:00,84.85,46.21
o77d22556afda498d8ca605aa5987109,1,p3944eeaf9a3143eaa5c57c7142894c6,s4243bb6f10e041efa5d6808100ed7b1,2018-03-14 01:57:00,226.34,6.19
ob1587516082b438682d888da81dfa9f,1,p711af43c57ba4cd59711a1745a022d1,sd9115cf05943475dbc757d0991b9042,2018-02-16 00:53:00,68.19,53.4
ob1587516082b438682d888da81dfa9f,2,p1e39bbe0e1b84d0e974ba25f11d72e9,s2a4c856b95204db8b1f762fbc9f3c57,2018-02-16 00:53:00,335.7,53.35
o4e97012f40e541369e69a05693faff1,1,p0f774a11e981433c92505e25955531e,sf5c33c9f1d7a41fba661ceafde68030,2017-09-23 06:03:00,172.9,47.94
o4bd36538a14c4938b56595dcd932701,1,p2aae6f6c368d4531b8719fd7d2d6d33,sfa26dce7050f419e877b252162124aa,2017-09-22 16:24:00,145.89,61.18
o24af40d0591a4b8eaf945ba16a1b15b,1,p6c571237f78245debef7d15b01c9c1f,s006b166e1f1348178f854b08586fe8d,2017-02-09 14:55:00,318.84,35.38
o24af40d0591a4b8eaf945ba16a1b15b,2,p60fc66193bd240d0b580cdcf8fb589b,sb6ecb24c190a48aca859fcb9d53597f,2017-02-09 14:55:00,276.92,53.81
o882bfadb2f104a518c2f744a22655f1,1,p574eca7d8ff14a419a11998c041fa85,sd9115cf05943475dbc757d0991b9042,2017-01-09 02:12:00,313.3,52.56
o882bfadb2f104a518c2f744a22655f1,2,pfcc0279719804f91a60dfa8887fd972,sc148465fc2574bd793d1446dd04ae3d,2017-01-09 02:12:00,223.09,49.11
o085fea75142442d8bd2991e9fe72b03,1,p2809d239a2a14adeb91293e56821d8e,sf52559682c644eb2adad5c7496eeb64,2018-03-21 06:16:00,229.95,18.47
o6f13beedbbc94c11b6f4bc280c6e5b1,1,p8610e01651304311b6a1f4ea93bde41,s12911c3fd6ee4705bd431964beb5cc1,2017-10-22 02:43:00,268.56,43.83
o50560a52a3e14daa962ed5e61dd7d5e,1,p8df5964ac6c84f6fa75c671783f9cdb,sf52559682c644eb2adad5c7496eeb64,2018-03-15 00:38:00,435.74,40.89
o50560a52a3e14daa962ed5e61dd7d5e,2,p3944eeaf9a3143eaa5c57c7142894c6,s61a1b83494ce4c119d9ba233dd5cf8a,2018-03-15 00:38:00,125.34,42.18
o169103c66be34e3f9b73693e8c6699b,1,p049cd665404e4a23b77fa6578ef5dd2,s1205c1737cae4d79805c591b9af712a,2018-06-05 07:59:00,34.21,12.67
ocbabbc315e134ab9b5713d5b2c69a92,1,p6b56f1bd9d204158b018e11ef9f7fde,s55c49a6678134d889462cd28b34c53f,2018-06-19 01:27:00,97.18,8.27
ocbabbc315e134ab9b5713d5b2c69a92,2,p901a1f4bf37444a5965537a8a4ceedb,s55c49a6678134d889462cd28b34c53f,2018-06-19 01:27:00,219.56,14.81
o3d04170f26cd48cab3e5b7a422c4a8c,1,pcf84502e3cf849a9871f4f0cf698fa4,s2a4c856b95204db8b1f762fbc9f3c57,2017-05-01 08:55:00,402.54,40.14
o3d04170f26cd48cab3e5b7a422c4a8c,2,p4e21ca0b6efc4631973c89e2b48c62c,s61a1b83494ce4c119d9ba233dd5cf8a,2017-05-01 08:55:00,243.82,39.25
of019a5fb7d6542c3a604c9baf7905e6,1,p509bda87e3b6423fbbf621ca59e7db6,sc8c08dc14a524da48d7b953f9fd29e9,2018-02-12 18:37:00,215.2,47.46
o8c60bb5562ee4cb99445230c44de82e,1,p66b816b375f24cc9b7acdf195b14387,s55c49a6678134d889462cd28b34c53f,2018-04-14 20:46:00,363.68,21.98
oe863a696b9bd4c8ca9b46a3dccb377b,1,p7bb1795a51de48599d7d995b35c28e6,s5457f59715f14a66be670f7c47b960d,2018-02-18 14:11:00,296.52,62.27
o7717cb8c9e4d47b4b59a5116845529f,1,pc4acf1ac4151476cb5bebfa264ee63f,s12911c3fd6ee4705bd431964beb5cc1,2018-01-17 22:12:00,282.03,31.05
o58c567e223d54d0abe1d79abad73074,1,p574eca7d8ff14a419a11998c041fa85,sf52559682c644eb2adad5c7496eeb64,2018-05-27 20:40:00,407.76,55.49
o5910b444fe7a4646b7ce37bbc45b0b0,1,p049cd665404e4a23b77fa6578ef5dd2,s4243bb6f10e041efa5d6808100ed7b1,2017-04-12 19:42:00,302.79,15.77
o4c513064f8bd45d98b12c8a20b948af,1,pe5b1c6999481431abaad3399ebd0544,sb6ecb24c190a48aca859fcb9d53597f,2017-10-03 20:58:00,247.45,5.35
o4c513064f8bd45d98b12c8a20b948af,2,p049cd665404e4a23b77fa6578ef5dd2,s61a1b83494ce4c119d9ba233dd5cf8a,2017-10-03 20:58:00,89.7,33.63
o5ff476d4849d4974a07060701002ffc,1,pfde51743c162499099ab467cd16b2df,s631ff1e6e97c4f1cb7507c0eef58e04,2017-11-10 17:08:00,120.17,55.53
obcb3497759ab409caef7dd95ebe89dd,1,p043742593ba4468b92a3e823c6bf842,s0ef725d99e794db5a29b12d8883d743,2017-06-25 03:47:00,37.15,5.47
o54be37ef74d14ce5933734d2e5680f6,1,p1c2dcd1be9504a99af096c49bf2ead6,s1205c1737cae4d79805c591b9af712a,2018-05-20 15:31:00,255.67,21.07
o00aa9c1ea0ac4a67b6bc47dc317ce4c,1,p8df5964ac6c84f6fa75c671783f9cdb,s3f2abab2451142d0927b8e58c4eafeb,2017-06-20 01:46:00,300.78,12.87
oee04d53a5a13498c8a49b9c08501909,1,p835af0d0529045af990915a2ec0cde5,sd942a2bc3ea54a209a970f3bbe01dbb,2017-08-06 11:44:00,147.09,17.57
obe014c02650341d1bdf8c8a052659c0,1,p3944eeaf9a3143eaa5c57c7142894c6,sd7d9f62b3fc24153aaa048b23268063,2017-03-11 22:27:00,396.81,21.05
obe014c02650341d1bdf8c8a052659c0,2,p673442518a0647e6aff65aab31e8294,s3f2abab2451142d0927b8e58c4eafeb,2017-03-11 22:27:00,395.06,41.26
o1c977a8dab064fbc9773940c9d7db6c,1,p6b56f1bd9d204158b018e11ef9f7fde,sd7d9f62b3fc24153aaa048b23268063,2018-08-04 06:32:00,235.07,48.95
oc1542653dc7b4808ae3189d067979df,1,p8610e01651304311b6a1f4ea93bde41,sf5c33c9f1d7a41fba661ceafde68030,2017-09-14 14:30:00,342.64,36.78
oaf6065a70ec54a978b6f848ca9ae015,1,pe6cf82110f004886bfd13ca520df92a,sb6ecb24c190a48aca859fcb9d53597f,2017-02-05 15:09:00,41.74,50.55
o65dcf00585ae4cb593eacf311f3f1d6,1,p0f774a11e981433c92505e25955531e,scc010e9e51124776acd26b08b786c75,2018-03-11 09:56:00,280.52,13.81
o2fdcb672d01349a0b64b81456743eab,1,p9bc1dc95712949d4a6a475c06f0e317,se81cb3c178604b39811eafab1e11775,2017-07-27 00:05:00,150.83,25.44
o21490777f76c4d2fb0579fb4b623e6d,1,pad6eea1e34e34a3f817b63ffabd2459,sc148465fc2574bd793d1446dd04ae3d,2017-03-08 02:16:00,162.46,19.17
o9a4e1180051f45929cb04b3f0617109,1,pe5b1c6999481431abaad3399ebd0544,s1205c1737cae4d79805c591b9af712a,2017-12-30 16:18:00,239.66,16.55
o9a4e1180051f45929cb04b3f0617109,2,p9d9e6a3902694f77a5c7c12e7149529,sc148465fc2574bd793d1446dd04ae3d,2017-12-30 16:18:00,57.62,47.7
o8ef11ec7e48b48a5bc2af981bb84750,1,p0d5a2d09296641ebb7aaddba1d03a14,s4243bb6f10e041efa5d6808100ed7b1,2018-06-28 16:37:00,438.37,54.43
o8ef11ec7e48b48a5bc2af981bb84750,2,pfde51743c162499099ab467cd16b2df,scc010e9e51124776acd26b08b786c75,2018-06-28 16:37:00,70.3,47.67
o8ef11ec7e48b48a5bc2af981bb84750,3,p574eca7d8ff14a419a11998c041fa85,s3f2abab2451142d0927b8e58c4eafeb,2018-06-28 16:37:00,238.24,36.75
oedb119304d124a63ae2532c929e2017,1,p0d5a2d09296641ebb7aaddba1d03a14,s61a1b83494ce4c119d9ba233dd5cf8a,2017-04-27 12:23:00,359.17,13.53
o8dd5ecb0ea3b4ab4ba34d1d03648ad7,1,p3e8029aab7b240c595103e1d8e960d4,s4243bb6f10e041efa5d6808100ed7b1,2018-07-20 04:04:00,377.65,12.97
o8dd5ecb0ea3b4ab4ba34d1d03648ad7,2,peda596b308fa43a6b1d1bc6235d7155,scc010e9e51124776acd26b08b786c75,2018-07-20 04:04:00,291.86,50.7
o0cd28aaae3854b4ebe52f733a215487,1,pe6cf82110f004886bfd13ca520df92a,s3f2abab2451142d0927b8e58c4eafeb,2017-12-19 22:02:00,25.79,42.81
o4f5d5d4a72af4fdd8e85aaa3db06777,1,p56d4a06b6e5344daa32ba6c05426310,sf52559682c644eb2adad5c7496eeb64,2017-07-21 20:34:00,422.24,15.78
o4f5d5d4a72af4fdd8e85aaa3db06777,2,p25de0c9004f24bb094f18e735bb10cb,sfa26dce7050f419e877b252162124aa,2017-07-21 20:34:00,357.24,19.72
od6cace7b3c054e6690e5663085c7e2f,1,p6c571237f78245debef7d15b01c9c1f,se81cb3c178604b39811eafab1e11775,2017-01-28 15:27:00,88.15,13.64
oe2fd85a4ec4e43c7b40b2963caacc29,1,p56d4a06b6e5344daa32ba6c05426310,s55c49a6678134d889462cd28b34c53f,2017-07-09 22:45:00,103.11,50.13
o2040781777ab4247b8f4e0f2f9f06ca,1,pafeb3e0eea274ef5a1b5df36e4da611,s631ff1e6e97c4f1cb7507c0eef58e04,2017-03-14 00:01:00,356.57,23.28
oc361630ce8c9492eb18b7f83d9d13b6,1,pe6cf82110f004886bfd13ca520df92a,s61a1b83494ce4c119d9ba233dd5cf8a,2018-07-09 17:58:00,41.18,60.31
o5bef261cc3a2429297035ced30eb17f,1,p0f774a11e981433c92505e25955531e,sb6ecb24c190a48aca859fcb9d53597f,2017-02-20 14:47:00,106.72,35.29
o5bef261cc3a2429297035ced30eb17f,2,pfcc0279719804f91a60dfa8887fd972,sf52559682c644eb2adad5c7496eeb64,2017-02-20 14:47:00,426.25,43.11
o90e96970ff914689a9dee147a5fbb03,1,pafeb3e0eea274ef5a1b5df36e4da611,s3f2abab2451142d0927b8e58c4eafeb,2017-01-21 21:08:00,320.94,50.75
of4d39dbd9f1b4af58709628f51ff2b5,1,p3d4c6cb70a334e188af937696d0e02e,s4243bb6f10e041efa5d6808100ed7b1,2018-01-02 04:52:00,23.61,21.87
od3a3eccdcba542d78a88511bff13f69,1,p0f774a11e981433c92505e25955531e,s2a4c856b95204db8b1f762fbc9f3c57,2018-05-26 19:02:00,232.64,15.23
o96e317d4b4074067bcb03ef10d3b0b6,1,p99e24deb0ef8409ebdf8993f71be40c,sfa26dce7050f419e877b252162124aa,2018-08-12 14:56:00,311.1,57.99
oeab1b3ef62504b30ac395cbd3dab02a,1,pad6eea1e34e34a3f817b63ffabd2459,s0ef725d99e794db5a29b12d8883d743,2018-05-28 19:33:00,99.65,9.91
o418570f8ae9144b5b2a8187109452fa,1,p1e39bbe0e1b84d0e974ba25f11d72e9,sfa26dce7050f419e877b252162124aa,2017-06-23 11:19:00,122.51,33.41
o418570f8ae9144b5b2a8187109452fa,2,p857420e1bf9446488d032728e26ec26,s55c49a6678134d889462cd28b34c53f,2017-06-23 11:19:00,372.41,36.18
oe940c35a57794016a9614a93d5e674a,1,p25f770c5758446b9b0bd73f00aa3221,sd9115cf05943475dbc757d0991b9042,2017-03-09 13:24:00,287.39,8.95
of7340c5fb9c141d7b2f4c49a791b40c,1,p2809d239a2a14adeb91293e56821d8e,scc010e9e51124776acd26b08b786c75,2018-04-15 20:29:00,157.76,16.55
of7340c5fb9c141d7b2f4c49a791b40c,2,pe5b1c6999481431abaad3399ebd0544,s61a1b83494ce4c119d9ba233dd5cf8a,2018-04-15 20:29:00,273.9,9.05
o29cda3fbdd054c5794c62816181be48,1,p3419b8bc6e2b493b9fa0ebba9f7d8db,s2a4c856b95204db8b1f762fbc9f3c57,2017-07-14 14:08:00,400.07,51.53
o29cda3fbdd054c5794c62816181be48,2,pfde51743c162499099ab467cd16b2df,sd942a2bc3ea54a209a970f3bbe01dbb,2017-07-14 14:08:00,149.27,25.57
o5249a27bf3d648e2a8dbc17eb632521,1,p6c8a16357a1b4222b92b1b10fd86cc8,sd9115cf05943475dbc757d0991b9042,2017-12-23 19:12:00,316.2,56.12
o604d896336a3447eb738d7a094a7e27,1,p1e39bbe0e1b84d0e974ba25f11d72e9,s4243bb6f10e041efa5d6808100ed7b1,2017-08-17 17:40:00,178.52,29.02
o604d896336a3447eb738d7a094a7e27,2,pad6eea1e34e34a3f817b63ffabd2459,s12911c3fd6ee4705bd431964beb5cc1,2017-08-17 17:40:00,19.3,26.47
o26b85c8b52134891962abdf3055fc08,1,p25de0c9004f24bb094f18e735bb10cb,s006b166e1f1348178f854b08586fe8d,2017-07-26 22:11:00,381.65,59.64
o2d5cd2e5b30f4cc7a0dae3acc510efe,1,pfde51743c162499099ab467cd16b2df,sf5c33c9f1d7a41fba661ceafde68030,2017-09-07 20:51:00,360.78,16.5
o981d3c9454a14a13895697189fc380d,1,p0d5a2d09296641ebb7aaddba1d03a14,sf15f5e4f742b4dba92127f8dd0ff524,2018-07-07 21:50:00,331.37,52.08
o981d3c9454a14a13895697189fc380d,2,p99e24deb0ef8409ebdf8993f71be40c,sc8c08dc14a524da48d7b953f9fd29e9,2018-07-07 21:50:00,87.83,28.29
o981d3c9454a14a13895697189fc380d,3,p9bc1dc95712949d4a6a475c06f0e317,s12911c3fd6ee4705bd431964beb5cc1,2018-07-07 21:50:00,231.89,32.86
oba7882852883457296c6768c30e09d1,1,pefe2cb56e7b2498a960b3bcff296db2,sfa26dce7050f419e877b252162124aa,2017-08-06 16:57:00,254.49,13.06
o22eefeb8f71a410e87bb22a993b7fca,1,p5858aa7127ef4d19a19d364c506a14d,s12911c3fd6ee4705bd431964beb5cc1,2018-04-29 07:26:00,407.14,22.67
oded68877de8444d48faf525c7d9ad66,1,p8df5964ac6c84f6fa75c671783f9cdb,sf5c33c9f1d7a41fba661ceafde68030,2018-07-18 23:21:00,449.31,50.14
o760f9c80a4ef4a2dac462ff3de7d1a6,1,pb6597897533c4c8bbbb3fbdb5ba222d,sd942a2bc3ea54a209a970f3bbe01dbb,2018-08-22 18:41:00,116.67,40.22
o760f9c80a4ef4a2dac462ff3de7d1a6,2,pe7c23092c28748bdbfcb5abf14b9820,sd7d9f62b3fc24153aaa048b23268063,2018-08-22 18:41:00,218.9,53.86
o133614b8a35d41c5b78b774718f4897,1,pc4acf1ac4151476cb5bebfa264ee63f,sf52559682c644eb2adad5c7496eeb64,2018-01-23 21:36:00,342.39,50.77
oa4788be75a4d485dbd0986b89dcb196,1,p25f770c5758446b9b0bd73f00aa3221,sc8c08dc14a524da48d7b953f9fd29e9,2018-01-31 01:25:00,89.57,45.49
o04968f1f89e44791a87c2a599ab60ca,1,pf81b502102ce4a3fb464e34c9df241e,s0ef725d99e794db5a29b12d8883d743,2017-08-03 15:18:00,83.31,11.64
o14e57f0a20e4496eaee794ac27ed9aa,1,pfde51743c162499099ab467cd16b2df,sc148465fc2574bd793d1446dd04ae3d,2018-03-24 16:42:00,42.83,28.95
o8e4d7c0e47824a66a6cb618969981ea,1,p25f770c5758446b9b0bd73f00aa3221,s0ef725d99e794db5a29b12d8883d743,2017-10-27 07:56:00,281.67,53.6
o8e4d7c0e47824a66a6cb618969981ea,2,pc5bbaac5309c4599a2a63d01c2501e0,sb6ecb24c190a48aca859fcb9d53597f,2017-10-27 07:56:00,123.37,59.0
ofddb27f390a9491c9e63ba0f2c84ce3,1,p67a6579f5be94c97bf63e690cb8f2f2,s3f2abab2451142d0927b8e58c4eafeb,2018-02-13 00:02:00,331.04,59.13
oaa9fa90f8cbe41788ecd4d1f892f50c,1,p6c8a16357a1b4222b92b1b10fd86cc8,s0ef725d99e794db5a29b12d8883d743,2018-03-01 09:10:00,164.49,28.96
od4144bf14fc44ac59ad598d2fa48e98,1,p25de0c9004f24bb094f18e735bb10cb,sd9115cf05943475dbc757d0991b9042,2018-04-22 18:05:00,58.72,22.65
o3f666d5522d04d418bf29d59f537445,1,pe5b1c6999481431abaad3399ebd0544,s0ef725d99e794db5a29b12d8883d743,2017-08-15 14:02:00,315.3,31.64
o3cb7fd02c7c247429e9c02ad0a6b11c,1,p67a6579f5be94c97bf63e690cb8f2f2,sadaf7ff5227944a9aec04f812b3d7ec,2017-01-22 02:01:00,432.05,10.8
o9339bf232a5c405d8b43de38394d75b,1,pe5b1c6999481431abaad3399ebd0544,s12911c3fd6ee4705bd431964beb5cc1,2017-12-06 10:35:00,155.67,5.9
o0d4c27937bb140679165d9cd64a8c68,1,p043742593ba4468b92a3e823c6bf842,s006b166e1f1348178f854b08586fe8d,2017-02-18 20:56:00,124.59,10.68
ob59b9a59df7b4f8998bd616b81ec9b8,1,pbc121a6b254a4c4eb01e1c974803be6,sadaf7ff5227944a9aec04f812b3d7ec,2018-05-14 16:21:00,24.23,50.54
o42d8cfd9fa2545c9aa95dd7cf9355c9,1,peda596b308fa43a6b1d1bc6235d7155,sfa26dce7050f419e877b252162124aa,2017-07-30 13:24:00,153.13,52.22
o42d8cfd9fa2545c9aa95dd7cf9355c9,2,p3944eeaf9a3143eaa5c57c7142894c6,scc010e9e51124776acd26b08b786c75,2017-07-30 13:24:00,359.42,29.89
o095917fa9d884f38acbdae5353b620c,1,p67a6579f5be94c97bf63e690cb8f2f2,sd942a2bc3ea54a209a970f3bbe01dbb,2017-09-17 05:43:00,45.44,16.55
obf4aa942e03c45b5a4f562d2e06c676,1,p87a9d8f95fa24b0d9981690ee8ec8be,s2a4c856b95204db8b1f762fbc9f3c57,2018-06-08 20:27:00,210.0,43.14
o0776bde18f814454a3872ae55f2e8f4,1,pc4acf1ac4151476cb5bebfa264ee63f,sc8c08dc14a524da48d7b953f9fd29e9,2018-04-02 05:32:00,345.1,60.29
o0776bde18f814454a3872ae55f2e8f4,2,p9e0f0d43bc624ed6adada927eced29e,se81cb3c178604b39811eafab1e11775,2018-04-02 05:32:00,81.47,48.6
oe778acf4da744b37ac5f0672cf28248,1,p835af0d0529045af990915a2ec0cde5,s0ef725d99e794db5a29b12d8883d743,2017-07-24 12:58:00,437.16,27.39
od2144a3628a94c45a666891f464a1e7,1,p0d5a2d09296641ebb7aaddba1d03a14,s631ff1e6e97c4f1cb7507c0eef58e04,2017-07-23 22:27:00,314.49,46.79
o177b86d43b884d739ce73388f48bd51,1,p886b74fbb3bf4f38a12011e1be6ea59,s631ff1e6e97c4f1cb7507c0eef58e04,2017-06-06 11:38:00,324.55,28.06
o680ad36fa27542e289e3aa718c19c3d,1,p60b62ebf0ae64d2dacfdb7afb57c567,sf5c33c9f1d7a41fba661ceafde68030,2017-11-11 06:34:00,132.02,17.57
o5ed12206eae24b4d8668230bdb30587,1,p49c8d19b6b0540dca498b1ddc092205,s76118a622a8a4a6f9c38c6703a793ed,2018-06-27 05:41:00,211.04,53.86
oe5d0bdaa950e4a00852b4b68ed47e03,1,p6c571237f78245debef7d15b01c9c1f,s61a1b83494ce4c119d9ba233dd5cf8a,2017-06-24 14:18:00,41.56,50.11
ob7502001ef514554a4a646c3ceec749,1,p9d9e6a3902694f77a5c7c12e7149529,sf52559682c644eb2adad5c7496eeb64,2018-05-18 06:48:00,188.34,41.65
ob7502001ef514554a4a646c3ceec749,2,p60fc66193bd240d0b580cdcf8fb589b,s1205c1737cae4d79805c591b9af712a,2018-05-18 06:48:00,365.73,5.19
oa35751ac2aae48f38aee70c3dde7aaf,1,pe7569b37ff02407fb5f3a0ff7c8ebf6,s61a1b83494ce4c119d9ba233dd5cf8a,2017-09-17 12:28:00,290.69,57.41
oa35751ac2aae48f38aee70c3dde7aaf,2,pe7569b37ff02407fb5f3a0ff7c8ebf6,sf52559682c644eb2adad5c7496eeb64,2017-09-17 12:28:00,208.27,41.41
oa35751ac2aae48f38aee70c3dde7aaf,3,p7bb1795a51de48599d7d995b35c28e6,s4243bb6f10e041efa5d6808100ed7b1,2017-09-17 12:28:00,281.48,9.88
o1221a280dcae4264bd54c3a4640c970,1,p0d5dab5d7281429bbc368021494a5b3,sc8c08dc14a524da48d7b953f9fd29e9,2017-11-02 22:12:00,146.09,45.38
o0110fc166927447aa8f24e7f7eb9231,1,p886b74fbb3bf4f38a12011e1be6ea59,s3f2abab2451142d0927b8e58c4eafeb,2017-10-20 04:46:00,159.77,18.43
o0110fc166927447aa8f24e7f7eb9231,2,p1c2dcd1be9504a99af096c49bf2ead6,sd7d9f62b3fc24153aaa048b23268063,2017-10-20 04:46:00,416.87,8.88
o5b6a71b075fc46a3857000754f01f98,1,pfcc0279719804f91a60dfa8887fd972,s0ef725d99e794db5a29b12d8883d743,2017-05-04 00:05:00,265.96,5.1
oe0931aa611024cc0ad4176b27b2037f,1,pf0f5adfc64604565ad99646d18ec339,sadaf7ff5227944a9aec04f812b3d7ec,2018-06-21 23:38:00,232.43,32.35
o01672a1f6aa449d7814e7f874e647e1,1,p3d4c6cb70a334e188af937696d0e02e,s3f2abab2451142d0927b8e58c4eafeb,2017-08-14 05:18:00,335.04,60.39
o01672a1f6aa449d7814e7f874e647e1,2,pc5bbaac5309c4599a2a63d01c2501e0,sd942a2bc3ea54a209a970f3bbe01dbb,2017-08-14 05:18:00,331.42,22.95
o118760a48cb3407896a678e16a3cc24,1,p2aae6f6c368d4531b8719fd7d2d6d33,s76118a622a8a4a6f9c38c6703a793ed,2017-12-28 14:25:00,71.94,50.14
o118760a48cb3407896a678e16a3cc24,2,p4e21ca0b6efc4631973c89e2b48c62c,s55c49a6678134d889462cd28b34c53f,2017-12-28 14:25:00,384.67,47.58
o70f4c4abd1ab4f8a81f549a57ff5fa4,1,p63634b55ea534d4d868341458b2f8ab,s76118a622a8a4a6f9c38c6703a793ed,2017-01-14 18:46:00,169.68,33.43
o70f4c4abd1ab4f8a81f549a57ff5fa4,2,pf637feccc06945a095f61b19b446423,s76118a622a8a4a6f9c38c6703a793ed,2017-01-14 18:46:00,441.42,44.01
oe751beb0e89142d4837faec9a9686ee,1,p6c8a16357a1b4222b92b1b10fd86cc8,s631ff1e6e97c4f1cb7507c0eef58e04,2018-01-25 19:44:00,181.21,42.94
o3fa31f27a04f4320bf046baf8e6c0a3,1,p6c571237f78245debef7d15b01c9c1f,s2a4c856b95204db8b1f762fbc9f3c57,2017-01-29 10:36:00,93.78,34.05
oe622cdf3b85c4ecaac35fc078ec27e8,1,p56d4a06b6e5344daa32ba6c05426310,sd7d9f62b3fc24153aaa048b23268063,2018-02-25 23:01:00,342.55,62.94
oabb9deaad9e14cf4ab53b5709f0bcab,1,p49c8d19b6b0540dca498b1ddc092205,s5457f59715f14a66be670f7c47b960d,2017-02-14 17:36:00,173.15,37.67
oabb9deaad9e14cf4ab53b5709f0bcab,2,pc4acf1ac4151476cb5bebfa264ee63f,sf52559682c644eb2adad5c7496eeb64,2017-02-14 17:36:00,15.04,23.04
oabb9deaad9e14cf4ab53b5709f0bcab,3,p4f8b3f6c7ebb4c18b10d0dfef0ff02e,s5457f59715f14a66be670f7c47b960d,2017-02-14 17:36:00,301.73,31.7
o2399e751dcb4492cabaf1fc28cbc856,1,p60fc66193bd240d0b580cdcf8fb589b,sfa26dce7050f419e877b252162124aa,2017-02-19 22:02:00,70.89,42.34
oa6202dcad31746f09b76946c9bc4058,1,p9bc1dc95712949d4a6a475c06f0e317,sd9115cf05943475dbc757d0991b9042,2017-06-01 17:13:00,86.36,54.29
o1c0dd9d9f2a444fca635d13e1c2986f,1,pbc121a6b254a4c4eb01e1c974803be6,s76118a622a8a4a6f9c38c6703a793ed,2018-07-20 18:04:00,179.06,63.13
o2c207fe0e65a4611b929bb9ed2c147e,1,p1f777446f8bc41e0a23653e376fa844,s006b166e1f1348178f854b08586fe8d,2018-07-01 00:44:00,165.15,49.48
o100ce01b68f5493f9cf2dca1601e80d,1,pefe2cb56e7b2498a960b3bcff296db2,s3f2abab2451142d0927b8e58c4eafeb,2018-06-15 01:09:00,353.22,45.69
o6bb80826f6a5460ebacfd9751a9fc60,1,pfcc0279719804f91a60dfa8887fd972,sc8c08dc14a524da48d7b953f9fd29e9,2018-03-20 20:45:00,291.08,9.6
o7c1b2a39a3d4477f9c54d941f0d7c54,1,pad6eea1e34e34a3f817b63ffabd2459,s3f2abab2451142d0927b8e58c4eafeb,2018-06-10 13:08:00,199.87,37.06
of2f40c52d55146b182dbe2a24fdb070,1,p049cd665404e4a23b77fa6578ef5dd2,s1205c1737cae4d79805c591b9af712a,2017-07-04 03:23:00,412.61,19.99
o72ff3700e661407d8b529a2b558f6e2,1,p8fb70896ceb84a7aad90e793a9f0eb3,sc148465fc2574bd793d1446dd04ae3d,2017-08-16 10:59:00,403.23,55.9
o72ff3700e661407d8b529a2b558f6e2,2,p63634b55ea534d4d868341458b2f8ab,s12911c3fd6ee4705bd431964beb5cc1,2017-08-16 10:59:00,17.56,32.62
o4bb7021691ee4708a10c533cc90de18,1,p9a51256767ba4e3bbcf4241a2767556,sadaf7ff5227944a9aec04f812b3d7ec,2017-04-19 08:31:00,219.75,27.46
o8453ce23a6e541008eebfcb9877dcea,1,p835af0d0529045af990915a2ec0cde5,s4243bb6f10e041efa5d6808100ed7b1,2017-05-29 02:47:00,159.08,6.9
o8e2e8514bdaf4bdcaf3f5258f86405a,1,p673442518a0647e6aff65aab31e8294,s12911c3fd6ee4705bd431964beb5cc1,2017-12-04 10:48:00,232.5,51.04
o5ff1edf58da0484c9bb29c834fb5de4,1,p4af1afe2775844cea5a28befa3c2c47,s3f2abab2451142d0927b8e58c4eafeb,2018-05-18 06:48:00,122.6,54.24
oecbb36509e0b42ba89ea46a751bc3c5,1,pf637feccc06945a095f61b19b446423,s0ef725d99e794db5a29b12d8883d743,2017-08-27 19:08:00,192.17,23.39
ob991d2fffd7045429556ac5cd8699e2,1,p049cd665404e4a23b77fa6578ef5dd2,s76118a622a8a4a6f9c38c6703a793ed,2017-08-11 09:30:00,305.99,45.98
o9d3f9f1d48e942ad963a509d0a73f46,1,pa81a2d45d5b44205a5acddfdbc1e71f,s631ff1e6e97c4f1cb7507c0eef58e04,2017-09-06 08:17:00,370.57,16.58
oaa5b3dbd432349728632c97c9d74eed,1,p56d4a06b6e5344daa32ba6c05426310,sb6ecb24c190a48aca859fcb9d53597f,2017-02-19 10:12:00,44.45,30.14
o887f1e563cba4493be4a120ec348aea,1,p60b82755a5e942109f8e58892888e64,scc010e9e51124776acd26b08b786c75,2018-08-07 16:50:00,437.62,14.93
o23228222568c46b2a4bc6f3106dfafb,1,p33da8d9719fe41efb89c2ed03899bc3,sfa26dce7050f419e877b252162124aa,2017-08-04 18:00:00,146.98,18.22
o23228222568c46b2a4bc6f3106dfafb,2,pcf84502e3cf849a9871f4f0cf698fa4,se81cb3c178604b39811eafab1e11775,2017-08-04 18:00:00,66.81,18.44
oc2fa87aa1bd64712980e14ed4fc7875,1,pe7c23092c28748bdbfcb5abf14b9820,sfa26dce7050f419e877b252162124aa,2017-09-17 09:34:00,329.1,29.5
oc2fa87aa1bd64712980e14ed4fc7875,2,p99e24deb0ef8409ebdf8993f71be40c,s5457f59715f14a66be670f7c47b960d,2017-09-17 09:34:00,156.22,8.44
oc2fa87aa1bd64712980e14ed4fc7875,3,pbc121a6b254a4c4eb01e1c974803be6,s12911c3fd6ee4705bd431964beb5cc1,2017-09-17 09:34:00,110.39,62.91
o14a105d30b91442fa78a39caf2a9ac2,1,p2aae6f6c368d4531b8719fd7d2d6d33,sf5c33c9f1d7a41fba661ceafde68030,2017-09-26 02:40:00,209.03,48.79
oe5f8e5df55a54951aad877052685c7e,1,pdfb0f135b9644d549825519a0d211f2,sc8c08dc14a524da48d7b953f9fd29e9,2018-08-12 02:46:00,77.43,30.58
ofc848e6f9cbf470b96cc3c6f84e323b,1,p9e0f0d43bc624ed6adada927eced29e,s61a1b83494ce4c119d9ba233dd5cf8a,2018-01-26 16:01:00,359.69,5.56
o6e2d9b1ebabe45a69bcae75ebac298d,1,p3944eeaf9a3143eaa5c57c7142894c6,s76118a622a8a4a6f9c38c6703a793ed,2017-06-21 21:21:00,251.92,11.15
ob0e41742a79e449a829cd58d3c506fd,1,p87a9d8f95fa24b0d9981690ee8ec8be,s12911c3fd6ee4705bd431964beb5cc1,2017-10-26 01:58:00,48.19,25.02
o49f70aadbc804f0aafa527a60b6a091,1,pefe2cb56e7b2498a960b3bcff296db2,sfa26dce7050f419e877b252162124aa,2018-03-16 21:57:00,367.66,47.68
o49f70aadbc804f0aafa527a60b6a091,2,p5858aa7127ef4d19a19d364c506a14d,s61a1b83494ce4c119d9ba233dd5cf8a,2018-03-16 21:57:00,389.85,63.68
o5438de58adb1414097af83d03cbeced,1,p574eca7d8ff14a419a11998c041fa85,s006b166e1f1348178f854b08586fe8d,2017-05-01 03:27:00,348.88,26.16
o615582bf8db447349fd39f59dae3641,1,p4e21ca0b6efc4631973c89e2b48c62c,s3f2abab2451142d0927b8e58c4eafeb,2017-09-14 09:26:00,198.5,39.67
ofcb1d02e7ae84fedb1f77ae914c3c8e,1,p835af0d0529045af990915a2ec0cde5,sadaf7ff5227944a9aec04f812b3d7ec,2017-04-28 13:58:00,106.67,18.48
ofcb1d02e7ae84fedb1f77ae914c3c8e,2,peda596b308fa43a6b1d1bc6235d7155,s76118a622a8a4a6f9c38c6703a793ed,2017-04-28 13:58:00,433.49,47.24
ofcb1d02e7ae84fedb1f77ae914c3c8e,3,p4af20803b99745228814c971463eb12,s4243bb6f10e041efa5d6808100ed7b1,2017-04-28 13:58:00,26.46,62.89
oc4d6ba6ce28445d79ef214ee60339fe,1,p33da8d9719fe41efb89c2ed03899bc3,s3f2abab2451142d0927b8e58c4eafeb,2017-03-27 15:04:00,427.71,33.21
oc4d6ba6ce28445d79ef214ee60339fe,2,p857420e1bf9446488d032728e26ec26,sc148465fc2574bd793d1446dd04ae3d,2017-03-27 15:04:00,354.91,46.71
oa286be4c0be84607b0d0a08c194e0cf,1,p886b74fbb3bf4f38a12011e1be6ea59,scc010e9e51124776acd26b08b786c75,2018-07-27 15:53:00,179.24,62.06
o3b9fc654ccd740539037afad0da0d16,1,pcf84502e3cf849a9871f4f0cf698fa4,s76118a622a8a4a6f9c38c6703a793ed,2018-04-30 05:20:00,60.41,26.76
of1a5bc27979542089ae8104670154f8,1,pe55c31ab7d884e139f4a9163f6f9434,s55c49a6678134d889462cd28b34c53f,2017-11-18 18:35:00,35.9,10.59
o305d2291a3934266afa41a39e79c4df,1,p4af20803b99745228814c971463eb12,sd942a2bc3ea54a209a970f3bbe01dbb,2018-01-04 22:44:00,270.07,56.12
o74b042fae67944c89d53121e85dac6e,1,p857420e1bf9446488d032728e26ec26,sc148465fc2574bd793d1446dd04ae3d,2017-06-19 13:33:00,356.63,25.34
oa9765f4fa6904055b5f7e6c324b3f8d,1,p3419b8bc6e2b493b9fa0ebba9f7d8db,se81cb3c178604b39811eafab1e11775,2017-09-06 17:39:00,392.38,52.84
oa9765f4fa6904055b5f7e6c324b3f8d,2,p886b74fbb3bf4f38a12011e1be6ea59,sd942a2bc3ea54a209a970f3bbe01dbb,2017-09-06 17:39:00,55.94,23.82
o3fd8e347bdc64fafacd0f7df542e577,1,p87a9d8f95fa24b0d9981690ee8ec8be,s0ef725d99e794db5a29b12d8883d743,2017-09-27 07:16:00,192.93,42.18
odbf44d4bcbab4c728861a483c32db46,1,pe5b1c6999481431abaad3399ebd0544,s5457f59715f14a66be670f7c47b960d,2017-10-02 16:02:00,178.48,39.21
o4fbc46eb83b440dca65c6fb85f3d4d7,1,pfcc0279719804f91a60dfa8887fd972,s1205c1737cae4d79805c591b9af712a,2017-04-27 16:11:00,448.45,34.18
ocf2eed7e33a74e97b1dc89276e1885b,1,p25de0c9004f24bb094f18e735bb10cb,sd7d9f62b3fc24153aaa048b23268063,2018-08-09 11:38:00,312.4,21.19
obbd0c11e3c7343e9b6d953666941aeb,1,p835af0d0529045af990915a2ec0cde5,sd942a2bc3ea54a209a970f3bbe01dbb,2017-09-28 16:53:00,221.84,46.33
ob3aab2d0b66342c08d2aa95264895b9,1,pfcc0279719804f91a60dfa8887fd972,s76118a622a8a4a6f9c38c6703a793ed,2017-03-26 01:42:00,359.53,45.44
o39a80170bb6d4ca487354ae833aaa60,1,p9e0f0d43bc624ed6adada927eced29e,s0ef725d99e794db5a29b12d8883d743,2017-02-12 02:47:00,109.02,17.59
o39a80170bb6d4ca487354ae833aaa60,2,pdfb0f135b9644d549825519a0d211f2,sf52559682c644eb2adad5c7496eeb64,2017-02-12 02:47:00,265.92,5.86
od78b206baef64a2193d7e6c8dc8e4ca,1,pc5bbaac5309c4599a2a63d01c2501e0,sc148465fc2574bd793d1446dd04ae3d,2018-04-17 18:26:00,201.35,15.61
o9b4ac8f485284a0b8918a33376b3902,1,p56cdafda7d52401f96c331b07b18b7a,se81cb3c178604b39811eafab1e11775,2017-04-05 18:53:00,58.37,31.65
o9b4ac8f485284a0b8918a33376b3902,2,p4e21ca0b6efc4631973c89e2b48c62c,s55c49a6678134d889462cd28b34c53f,2017-04-05 18:53:00,305.45,56.1
o68353b62eecd441284b5a1aa6304f67,1,p4af1afe2775844cea5a28befa3c2c47,s5457f59715f14a66be670f7c47b960d,2018-03-04 08:45:00,379.74,52.71
o19d4a3da1ae84c4d9107378c8e0e2d5,1,pdfb0f135b9644d549825519a0d211f2,sd9115cf05943475dbc757d0991b9042,2017-12-14 19:36:00,295.33,54.71
o19d4a3da1ae84c4d9107378c8e0e2d5,2,p1c2dcd1be9504a99af096c49bf2ead6,sb6ecb24c190a48aca859fcb9d53597f,2017-12-14 19:36:00,71.06,43.18
o19d4a3da1ae84c4d9107378c8e0e2d5,3,pc5bbaac5309c4599a2a63d01c2501e0,s0ef725d99e794db5a29b12d8883d743,2017-12-14 19:36:00,408.31,36.04
o398c4b8386f44cb5a0175d87f9cf60f,1,p4af20803b99745228814c971463eb12,sd7d9f62b3fc24153aaa048b23268063,2018-04-15 01:40:00,128.31,8.1
o398c4b8386f44cb5a0175d87f9cf60f,2,p5e756c57f5df42a685c34b4e287bb82,sf5c33c9f1d7a41fba661ceafde68030,2018-04-15 01:40:00,287.94,43.3
obd97dc98fca845c4b7b3632133f3d12,1,p5858aa7127ef4d19a19d364c506a14d,sf15f5e4f742b4dba92127f8dd0ff524,2017-03-26 19:54:00,313.99,27.52
o9f5a87fc1b8e4968a594d032c45768a,1,p56d4a06b6e5344daa32ba6c05426310,sf15f5e4f742b4dba92127f8dd0ff524,2017-05-06 10:22:00,278.66,37.16
oe0f4bcadd7a74ee688eeab0dcd6f504,1,p0f774a11e981433c92505e25955531e,s0ef725d99e794db5a29b12d8883d743,2018-04-29 13:51:00,59.76,52.59
oe0f4bcadd7a74ee688eeab0dcd6f504,2,pa81a2d45d5b44205a5acddfdbc1e71f,s5457f59715f14a66be670f7c47b960d,2018-04-29 13:51:00,87.06,17.35
o060d35f349fa430d99f8de18014ff0b,1,pf81b502102ce4a3fb464e34c9df241e,s5457f59715f14a66be670f7c47b960d,2018-02-02 03:12:00,277.69,57.64
o96aa55a24fcc49d7b690ff7e13888d6,1,p1e39bbe0e1b84d0e974ba25f11d72e9,sf15f5e4f742b4dba92127f8dd0ff524,2017-09-13 22:13:00,217.44,52.71
odc6e3dfcb4104712bbf673970147b2d,1,p0d5dab5d7281429bbc368021494a5b3,sd942a2bc3ea54a209a970f3bbe01dbb,2017-03-23 16:57:00,35.35,21.46
oa86fb89d5e534c02849fa540bfef693,1,p67a6579f5be94c97bf63e690cb8f2f2,sd942a2bc3ea54a209a970f3bbe01dbb,2018-04-23 02:08:00,56.38,53.15
o2a65788eb407472fbbabefb035d927d,1,p56d4a06b6e5344daa32ba6c05426310,s12911c3fd6ee4705bd431964beb5cc1,2018-02-12 05:44:00,422.9,11.16
od42611e1e8694cc4b08316ec4e677ad,1,pf637feccc06945a095f61b19b446423,sfa26dce7050f419e877b252162124aa,2017-08-25 16:05:00,399.24,7.58
od42611e1e8694cc4b08316ec4e677ad,2,pf637feccc06945a095f61b19b446423,s5457f59715f14a66be670f7c47b960d,2017-08-25 16:05:00,47.64,24.76
od42611e1e8694cc4b08316ec4e677ad,3,p99e24deb0ef8409ebdf8993f71be40c,s0ef725d99e794db5a29b12d8883d743,2017-08-25 16:05:00,132.41,15.22
oc91bda21567442d290e8f98eab89aee,1,p3d4c6cb70a334e188af937696d0e02e,sc8c08dc14a524da48d7b953f9fd29e9,2017-05-11 09:33:00,129.76,22.77
oc91bda21567442d290e8f98eab89aee,2,p5e756c57f5df42a685c34b4e287bb82,s12911c3fd6ee4705bd431964beb5cc1,2017-05-11 09:33:00,257.95,57.37
o98b9b1fe190b4714b49e01a0d919c8f,1,p3419b8bc6e2b493b9fa0ebba9f7d8db,s3f2abab2451142d0927b8e58c4eafeb,2018-04-30 02:12:00,212.5,14.24
o98b9b1fe190b4714b49e01a0d919c8f,2,p49c8d19b6b0540dca498b1ddc092205,s76118a622a8a4a6f9c38c6703a793ed,2018-04-30 02:12:00,412.64,18.13
o60b035f94f6240f3bd0f6186f1bdbb0,1,p901a1f4bf37444a5965537a8a4ceedb,sfa26dce7050f419e877b252162124aa,2017-11-16 09:41:00,27.44,44.71
o60b035f94f6240f3bd0f6186f1bdbb0,2,p372737b81aed4a75b5b427fb45c01f4,s12911c3fd6ee4705bd431964beb5cc1,2017-11-16 09:41:00,130.53,60.62
o824a48db33cd48bf991061708a3cc9e,1,p33da8d9719fe41efb89c2ed03899bc3,sd9115cf05943475dbc757d0991b9042,2017-04-16 15:41:00,229.72,31.01
o659a0cd6db5a4535a2646ee561e081a,1,pcf84502e3cf849a9871f4f0cf698fa4,sd942a2bc3ea54a209a970f3bbe01dbb,2018-07-04 06:17:00,104.48,52.14
o659a0cd6db5a4535a2646ee561e081a,2,p60b62ebf0ae64d2dacfdb7afb57c567,s631ff1e6e97c4f1cb7507c0eef58e04,2018-07-04 06:17:00,140.28,40.78
o04d4a6cbad6d43abbdf9a59b526f66a,1,p1e39bbe0e1b84d0e974ba25f11d72e9,s61a1b83494ce4c119d9ba233dd5cf8a,2017-06-28 20:43:00,92.22,20.83
o838e310658604aeda2a73b096524206,1,p6c571237f78245debef7d15b01c9c1f,s76118a622a8a4a6f9c38c6703a793ed,2017-04-28 07:52:00,147.5,49.17
o93b2fc62e3f34409b03cb8b89f2b107,1,p25de0c9004f24bb094f18e735bb10cb,sf5c33c9f1d7a41fba661ceafde68030,2017-12-13 21:49:00,440.71,56.38
o164ebe86ac054e12949f7664e2ee1ba,1,p9aff35cd6ceb4ab786ff49401c78252,sc148465fc2574bd793d1446dd04ae3d,2017-04-07 09:58:00,444.49,57.57
o164ebe86ac054e12949f7664e2ee1ba,2,pc5bbaac5309c4599a2a63d01c2501e0,sfa26dce7050f419e877b252162124aa,2017-04-07 09:58:00,410.99,25.93
o4e4a348b2c9c499d946d8ee95fda511,1,pfde51743c162499099ab467cd16b2df,sc148465fc2574bd793d1446dd04ae3d,2017-05-11 17:50:00,311.2,36.39
o4e4a348b2c9c499d946d8ee95fda511,2,pf0f5adfc64604565ad99646d18ec339,sd9115cf05943475dbc757d0991b9042,2017-05-11 17:50:00,257.79,14.76
of02097550afd453a8a32981cb4c605e,1,p49c8d19b6b0540dca498b1ddc092205,sf52559682c644eb2adad5c7496eeb64,2018-05-21 11:00:00,431.96,38.64
of02097550afd453a8a32981cb4c605e,2,p886b74fbb3bf4f38a12011e1be6ea59,s3f2abab2451142d0927b8e58c4eafeb,2018-05-21 11:00:00,132.74,64.75
ofda0c04291154c6fa8d74005120eac0,1,pe7569b37ff02407fb5f3a0ff7c8ebf6,s2a4c856b95204db8b1f762fbc9f3c57,2018-03-14 00:57:00,75.54,51.06
o69a40ce9f78047abb6e3f0ab681adbc,1,p60fc66193bd240d0b580cdcf8fb589b,sc148465fc2574bd793d1446dd04ae3d,2018-01-25 01:56:00,169.07,32.99
o69a40ce9f78047abb6e3f0ab681adbc,2,pf81b502102ce4a3fb464e34c9df241e,sc148465fc2574bd793d1446dd04ae3d,2018-01-25 01:56:00,27.04,38.53
o69a40ce9f78047abb6e3f0ab681adbc,3,p835af0d0529045af990915a2ec0cde5,sc8c08dc14a524da48d7b953f9fd29e9,2018-01-25 01:56:00,343.8,41.91
ofa2d8d83836e45cc8d08251ef2c4d56,1,pe5b1c6999481431abaad3399ebd0544,s1205c1737cae4d79805c591b9af712a,2017-05-14 17:42:00,273.54,54.32
o96bd8801e2574762a06b64233492842,1,pad6eea1e34e34a3f817b63ffabd2459,sd942a2bc3ea54a209a970f3bbe01dbb,2018-06-18 03:35:00,286.29,17.04
o895685dd845845908f338c79ed26205,1,p99e24deb0ef8409ebdf8993f71be40c,sf52559682c644eb2adad5c7496eeb64,2018-02-09 22:59:00,206.02,44.49
o7502847076b047f6afaa4e9e15284b6,1,pe5b1c6999481431abaad3399ebd0544,sc148465fc2574bd793d1446dd04ae3d,2018-05-07 20:18:00,196.35,30.49
o19e8a78c20fe4c19970172af9fb456a,1,p49c8d19b6b0540dca498b1ddc092205,sf15f5e4f742b4dba92127f8dd0ff524,2017-02-18 14:08:00,166.74,47.37
ocbc0353a3f04419b9cb504515d696af,1,p3e8029aab7b240c595103e1d8e960d4,sd9115cf05943475dbc757d0991b9042,2017-11-12 12:04:00,301.65,39.56
o4b07d84d8024452f98677e958c306d5,1,pe5b1c6999481431abaad3399ebd0544,sd942a2bc3ea54a209a970f3bbe01dbb,2018-08-23 03:37:00,421.39,33.58
o5a2b7f6a6c584fe8845cc0dad5464c5,1,p509bda87e3b6423fbbf621ca59e7db6,s006b166e1f1348178f854b08586fe8d,2018-03-11 14:03:00,154.7,46.92
ofa0745e40183429a9c4dc2110743e87,1,p6c571237f78245debef7d15b01c9c1f,sf15f5e4f742b4dba92127f8dd0ff524,2017-07-31 13:10:00,29.46,13.43
ofa0745e40183429a9c4dc2110743e87,2,pad6eea1e34e34a3f817b63ffabd2459,s12911c3fd6ee4705bd431964beb5cc1,2017-07-31 13:10:00,351.86,39.1
ofa0745e40183429a9c4dc2110743e87,3,p5858aa7127ef4d19a19d364c506a14d,s1205c1737cae4d79805c591b9af712a,2017-07-31 13:10:00,95.61,48.8
oa2e186b74ca545fba6304ddb1ade4a3,1,p574eca7d8ff14a419a11998c041fa85,scc010e9e51124776acd26b08b786c75,2018-01-05 23:57:00,144.73,12.08
o4a22e2ecf61f4426a54ac7a494d534b,1,p9aff35cd6ceb4ab786ff49401c78252,s3f2abab2451142d0927b8e58c4eafeb,2018-01-06 20:55:00,402.94,39.97
o7795e6683c1f46a3a834a718630969b,1,p99e24deb0ef8409ebdf8993f71be40c,s3f2abab2451142d0927b8e58c4eafeb,2017-05-27 23:35:00,378.23,53.45
o7795e6683c1f46a3a834a718630969b,2,p60b62ebf0ae64d2dacfdb7afb57c567,sc8c08dc14a524da48d7b953f9fd29e9,2017-05-27 23:35:00,428.21,40.89
o7795e6683c1f46a3a834a718630969b,3,p99e24deb0ef8409ebdf8993f71be40c,sc8c08dc14a524da48d7b953f9fd29e9,2017-05-27 23:35:00,401.07,33.73
oda275ef0f9ea4cab874c7ba367b92ee,1,p25de0c9004f24bb094f18e735bb10cb,se81cb3c178604b39811eafab1e11775,2017-08-27 10:59:00,224.75,28.23
ob4a44402cefb45c9b3285a3836d00dd,1,pbc121a6b254a4c4eb01e1c974803be6,sadaf7ff5227944a9aec04f812b3d7ec,2017-07-22 22:27:00,194.68,50.15
o7e179665707f47b7bd7fa32a752929e,1,pf0f5adfc64604565ad99646d18ec339,sf5c33c9f1d7a41fba661ceafde68030,2017-03-04 16:03:00,278.66,33.72
o7e179665707f47b7bd7fa32a752929e,2,p56d4a06b6e5344daa32ba6c05426310,sf52559682c644eb2adad5c7496eeb64,2017-03-04 16:03:00,48.41,20.01
oc8c64bbaeb764e3687ed7da99e69ece,1,p56cdafda7d52401f96c331b07b18b7a,sd942a2bc3ea54a209a970f3bbe01dbb,2017-09-13 16:57:00,136.71,17.21
oc8c64bbaeb764e3687ed7da99e69ece,2,peda596b308fa43a6b1d1bc6235d7155,scc010e9e51124776acd26b08b786c75,2017-09-13 16:57:00,115.28,49.51
o6d1a492115f94a53835c6e96cc22d35,1,p99e24deb0ef8409ebdf8993f71be40c,s0ef725d99e794db5a29b12d8883d743,2017-01-27 01:53:00,230.48,56.77
o19f271fcb93e428ebf7c5a1c8b2bef8,1,pe7c23092c28748bdbfcb5abf14b9820,s0ef725d99e794db5a29b12d8883d743,2018-03-19 22:46:00,429.33,60.95
o19f271fcb93e428ebf7c5a1c8b2bef8,2,p87a9d8f95fa24b0d9981690ee8ec8be,se81cb3c178604b39811eafab1e11775,2018-03-19 22:46:00,216.62,39.36
o55d230b97f1b4c11befc74e6b04aaa4,1,p8fb70896ceb84a7aad90e793a9f0eb3,sd9115cf05943475dbc757d0991b9042,2017-01-20 22:51:00,134.31,21.12
o8ef7d662815d4cd69443a939885d5ac,1,p63634b55ea534d4d868341458b2f8ab,s2a4c856b95204db8b1f762fbc9f3c57,2018-04-05 07:01:00,423.39,21.59
o79c0afb5b2c5450eabaf2921bc7134b,1,p6b56f1bd9d204158b018e11ef9f7fde,s2a4c856b95204db8b1f762fbc9f3c57,2017-08-26 15:11:00,153.04,38.2
od088c9cc8bfa4f148506b30fd2f18be,1,p835af0d0529045af990915a2ec0cde5,sc8c08dc14a524da48d7b953f9fd29e9,2017-09-03 05:06:00,294.22,57.55
o3773748fecbb4f7eb709511a2f85ef4,1,p9bc1dc95712949d4a6a475c06f0e317,s3f2abab2451142d0927b8e58c4eafeb,2017-06-18 19:02:00,354.68,35.49
o3773748fecbb4f7eb709511a2f85ef4,2,p4e21ca0b6efc4631973c89e2b48c62c,s3f2abab2451142d0927b8e58c4eafeb,2017-06-18 19:02:00,164.66,17.89
o9dd0bacc4829420cabdb790d0fd6298,1,pcf84502e3cf849a9871f4f0cf698fa4,sf15f5e4f742b4dba92127f8dd0ff524,2018-07-11 13:07:00,378.66,22.58
oe2755f1e995d4f04999ccd9cabb02f7,1,p835af0d0529045af990915a2ec0cde5,sadaf7ff5227944a9aec04f812b3d7ec,2018-01-10 13:22:00,262.66,54.61
o46920ab64c3c457dbddb2bff95fafbc,1,pbc121a6b254a4c4eb01e1c974803be6,s006b166e1f1348178f854b08586fe8d,2017-11-23 03:05:00,67.54,20.8
o46920ab64c3c457dbddb2bff95fafbc,2,pe7c23092c28748bdbfcb5abf14b9820,s3f2abab2451142d0927b8e58c4eafeb,2017-11-23 03:05:00,419.6,49.57
o6ca7819a99284db5ace2235717f6a32,1,pe5b1c6999481431abaad3399ebd0544,s4243bb6f10e041efa5d6808100ed7b1,2018-03-14 08:08:00,34.68,49.32
o25794803ec0c46b9b749e53b1cec59e,1,p2809d239a2a14adeb91293e56821d8e,s0ef725d99e794db5a29b12d8883d743,2017-07-12 23:49:00,154.39,15.6
o532eaa4383fe4002ad08e1d08b35272,1,p1c2dcd1be9504a99af096c49bf2ead6,sd9115cf05943475dbc757d0991b9042,2017-10-24 20:24:00,151.75,25.84
od7cb8952b1ad4279a6b6a16df889ece,1,p9aff35cd6ceb4ab786ff49401c78252,se81cb3c178604b39811eafab1e11775,2017-08-31 02:17:00,362.56,5.4
od7cb8952b1ad4279a6b6a16df889ece,2,p509bda87e3b6423fbbf621ca59e7db6,s12911c3fd6ee4705bd431964beb5cc1,2017-08-31 02:17:00,103.37,61.51
o841bf5c47d7a4c9d9862989f4fc28c4,1,p5858aa7127ef4d19a19d364c506a14d,s1205c1737cae4d79805c591b9af712a,2018-03-23 21:16:00,83.18,25.12
o841bf5c47d7a4c9d9862989f4fc28c4,2,p2809d239a2a14adeb91293e56821d8e,s631ff1e6e97c4f1cb7507c0eef58e04,2018-03-23 21:16:00,334.95,45.32
obc87f096240b449db6f1155677ddaf3,1,p0d5dab5d7281429bbc368021494a5b3,s5457f59715f14a66be670f7c47b960d,2017-01-14 16:08:00,72.33,43.09
obc87f096240b449db6f1155677ddaf3,2,p886b74fbb3bf4f38a12011e1be6ea59,scc010e9e51124776acd26b08b786c75,2017-01-14 16:08:00,387.86,49.97
oa28b5364e4db4fa283612ba450bbbcd,1,p0d5a2d09296641ebb7aaddba1d03a14,s631ff1e6e97c4f1cb7507c0eef58e04,2018-08-26 05:40:00,185.61,26.43
o7037a977cc144573bcb97b5e450e1d9,1,p574eca7d8ff14a419a11998c041fa85,sd7d9f62b3fc24153aaa048b23268063,2017-12-04 18:42:00,398.74,55.41
ob12ecd0ea8e9460185967f8dedd6abd,1,pf637feccc06945a095f61b19b446423,sfa26dce7050f419e877b252162124aa,2018-08-04 08:20:00,226.19,18.14
o7905903cca7a4d9b8fdcc1e2d75348d,1,pe7c23092c28748bdbfcb5abf14b9820,sc8c08dc14a524da48d7b953f9fd29e9,2017-12-09 11:38:00,299.9,36.12
o7905903cca7a4d9b8fdcc1e2d75348d,2,p9d9e6a3902694f77a5c7c12e7149529,se81cb3c178604b39811eafab1e11775,2017-12-09 11:38:00,101.32,14.42
o03cf6793218842128fa877831d634cc,1,p25f770c5758446b9b0bd73f00aa3221,s61a1b83494ce4c119d9ba233dd5cf8a,2017-01-19 02:54:00,115.05,51.34
of8bde2fdaad541338925109525ac993,1,p673442518a0647e6aff65aab31e8294,s76118a622a8a4a6f9c38c6703a793ed,2017-04-02 09:04:00,335.1,52.56
oba4adc7d8f364cb4acf7cab6ccfc648,1,p886b74fbb3bf4f38a12011e1be6ea59,sadaf7ff5227944a9aec04f812b3d7ec,2017-08-01 05:16:00,435.6,38.66
o7104f2a0b157493792d96850679636d,1,p372737b81aed4a75b5b427fb45c01f4,s12911c3fd6ee4705bd431964beb5cc1,2018-02-12 18:48:00,222.41,11.54
o7104f2a0b157493792d96850679636d,2,p3419b8bc6e2b493b9fa0ebba9f7d8db,s1205c1737cae4d79805c591b9af712a,2018-02-12 18:48:00,77.54,42.79
oeeeb387cec6a4aa490f762a8eb286bd,1,p673442518a0647e6aff65aab31e8294,s55c49a6678134d889462cd28b34c53f,2018-06-25 04:53:00,154.83,38.92
oa69242f4b398462f9691d98dfd7ec61,1,p574eca7d8ff14a419a11998c041fa85,sd7d9f62b3fc24153aaa048b23268063,2017-12-01 10:45:00,20.93,36.2
oe19aa9277bc746caa3e3603546f3779,1,pcf84502e3cf849a9871f4f0cf698fa4,scc010e9e51124776acd26b08b786c75,2017-05-29 09:55:00,155.24,58.37
oe19aa9277bc746caa3e3603546f3779,2,p043742593ba4468b92a3e823c6bf842,s631ff1e6e97c4f1cb7507c0eef58e04,2017-05-29 09:55:00,87.19,22.41
o490746e6ce5e4471a51c80d8c2ea7ae,1,pad6eea1e34e34a3f817b63ffabd2459,s5457f59715f14a66be670f7c47b960d,2017-06-22 18:45:00,320.14,16.96
o490746e6ce5e4471a51c80d8c2ea7ae,2,p6c571237f78245debef7d15b01c9c1f,se81cb3c178604b39811eafab1e11775,2017-06-22 18:45:00,214.49,10.68
o490746e6ce5e4471a51c80d8c2ea7ae,3,p56cdafda7d52401f96c331b07b18b7a,sc148465fc2574bd793d1446dd04ae3d,2017-06-22 18:45:00,273.59,9.01
o0de4c6ee16cc4fe0b1b72b84be6796b,1,pe5b1c6999481431abaad3399ebd0544,s4243bb6f10e041efa5d6808100ed7b1,2018-01-17 03:49:00,109.15,15.7
o67bc7b1d6ab747f69e6722f704f0f79,1,p3e8029aab7b240c595103e1d8e960d4,s61a1b83494ce4c119d9ba233dd5cf8a,2018-05-04 20:10:00,155.65,58.76
obcc73c494bc344bf9a9fdf253358150,1,p8df5964ac6c84f6fa75c671783f9cdb,sf15f5e4f742b4dba92127f8dd0ff524,2018-08-02 14:24:00,430.58,61.73
o93576b5ff2a4415dbf8bc56fcc0bd42,1,p99e24deb0ef8409ebdf8993f71be40c,se81cb3c178604b39811eafab1e11775,2018-07-30 16:41:00,396.19,60.24
oed3223ac6809421c9fff8073c4470a4,1,p2aae6f6c368d4531b8719fd7d2d6d33,s55c49a6678134d889462cd28b34c53f,2017-04-12 20:58:00,448.15,47.26
o5f06b9fe0a474e668b15201c62d3805,1,p673442518a0647e6aff65aab31e8294,s3f2abab2451142d0927b8e58c4eafeb,2018-05-05 14:55:00,335.25,57.25
o5f06b9fe0a474e668b15201c62d3805,2,p574eca7d8ff14a419a11998c041fa85,sc8c08dc14a524da48d7b953f9fd29e9,2018-05-05 14:55:00,197.51,55.75
oaa7b4468cfdc4e4b85a9c094dc82d11,1,p7bb1795a51de48599d7d995b35c28e6,sb6ecb24c190a48aca859fcb9d53597f,2017-12-13 00:54:00,379.41,45.18
oc58a1eced8f3418cb0fdf99d07c159b,1,p6c8a16357a1b4222b92b1b10fd86cc8,s2a4c856b95204db8b1f762fbc9f3c57,2018-06-07 18:11:00,378.71,10.17
o85e717f51198472fb151e718e2955ed,1,pdfb0f135b9644d549825519a0d211f2,s4243bb6f10e041efa5d6808100ed7b1,2017-06-28 09:00:00,343.79,12.96
o85e717f51198472fb151e718e2955ed,2,pf637feccc06945a095f61b19b446423,s0ef725d99e794db5a29b12d8883d743,2017-06-28 09:00:00,322.07,15.68
ob9ae4d3a26c04ef9a43aa60e5988044,1,pe6cf82110f004886bfd13ca520df92a,s55c49a6678134d889462cd28b34c53f,2018-04-01 08:05:00,428.1,40.11
ob9ae4d3a26c04ef9a43aa60e5988044,2,p673442518a0647e6aff65aab31e8294,se81cb3c178604b39811eafab1e11775,2018-04-01 08:05:00,262.39,64.63
o1c809b457a03434bbd709beb047c7ef,1,p901a1f4bf37444a5965537a8a4ceedb,sd942a2bc3ea54a209a970f3bbe01dbb,2017-04-08 00:49:00,75.82,40.21
odf1be12e4140497bb291bf301efcf49,1,p901a1f4bf37444a5965537a8a4ceedb,sd7d9f62b3fc24153aaa048b23268063,2018-03-13 21:21:00,24.46,53.55
oc75b1ed10dcc4bbfaf391b3170ff49d,1,pcf84502e3cf849a9871f4f0cf698fa4,s2a4c856b95204db8b1f762fbc9f3c57,2018-05-16 01:25:00,189.33,6.71
o9efa9429258b42a4942db4d0f3df34f,1,p2aae6f6c368d4531b8719fd7d2d6d33,s006b166e1f1348178f854b08586fe8d,2017-05-18 21:21:00,215.36,44.52
o04edd37f8a43425380113396cc2421f,1,p2aae6f6c368d4531b8719fd7d2d6d33,s3f2abab2451142d0927b8e58c4eafeb,2017-06-12 07:35:00,107.43,33.34
o20f55b649b5645fd95289dc9d756f4a,1,pa81a2d45d5b44205a5acddfdbc1e71f,s61a1b83494ce4c119d9ba233dd5cf8a,2017-12-06 17:52:00,111.44,41.51
o1ff55f3532d04667bc3cbf4ee9ed2cb,1,p673442518a0647e6aff65aab31e8294,s5457f59715f14a66be670f7c47b960d,2017-08-28 18:31:00,150.33,45.52
o5b8b92df5b6f426e9f4a33673d2ea1e,1,p2809d239a2a14adeb91293e56821d8e,s61a1b83494ce4c119d9ba233dd5cf8a,2017-12-26 23:46:00,226.47,62.6
o05adc01e966045eba2b0ec295e10491,1,pad6eea1e34e34a3f817b63ffabd2459,s1205c1737cae4d79805c591b9af712a,2018-05-05 08:21:00,427.47,47.45
o2aeeb4e61df14311862e3bfc735dbdc,1,p509bda87e3b6423fbbf621ca59e7db6,se81cb3c178604b39811eafab1e11775,2018-05-22 12:23:00,131.25,22.59
od6713ad251d0463794bd2dbaafbf91e,1,p2809d239a2a14adeb91293e56821d8e,s3f2abab2451142d0927b8e58c4eafeb,2017-09-16 16:05:00,283.5,60.13
o03b8b0e199cc4438bc557c5bdc1fb86,1,p25f770c5758446b9b0bd73f00aa3221,sb6ecb24c190a48aca859fcb9d53597f,2017-06-05 23:46:00,189.32,16.04
o03b8b0e199cc4438bc557c5bdc1fb86,2,p9a51256767ba4e3bbcf4241a2767556,s4243bb6f10e041efa5d6808100ed7b1,2017-06-05 23:46:00,299.01,57.98
o5cae64fc330443aa89a37366fb7e529,1,p3944eeaf9a3143eaa5c57c7142894c6,sd9115cf05943475dbc757d0991b9042,2017-02-25 15:36:00,188.42,15.88
oa07c8d7a581f433496da9bc76418b23,1,p9e0f0d43bc624ed6adada927eced29e,s1205c1737cae4d79805c591b9af712a,2017-04-14 23:14:00,250.53,33.54
oad118ba0057845708ef944f1c317239,1,pafeb3e0eea274ef5a1b5df36e4da611,s12911c3fd6ee4705bd431964beb5cc1,2018-07-05 05:10:00,51.15,49.88
o191b9839515c4f59af1dfb7ec991da6,1,pafeb3e0eea274ef5a1b5df36e4da611,s4243bb6f10e041efa5d6808100ed7b1,2018-08-06 16:26:00,228.48,19.08
o191b9839515c4f59af1dfb7ec991da6,2,p60b82755a5e942109f8e58892888e64,sf5c33c9f1d7a41fba661ceafde68030,2018-08-06 16:26:00,179.62,61.93
o191b9839515c4f59af1dfb7ec991da6,3,p56d4a06b6e5344daa32ba6c05426310,s76118a622a8a4a6f9c38c6703a793ed,2018-08-06 16:26:00,187.15,17.68
o63f3a836e61843e9a3766dbc1d2cc3c,1,pfcc0279719804f91a60dfa8887fd972,scc010e9e51124776acd26b08b786c75,2018-07-23 05:22:00,248.0,28.53
o0902ff83ab094f28bc9025262a675ed,1,p835af0d0529045af990915a2ec0cde5,sb6ecb24c190a48aca859fcb9d53597f,2017-10-28 10:34:00,193.48,43.19
o083d704931c04edf9084b351ad33f1e,1,pe7c23092c28748bdbfcb5abf14b9820,scc010e9e51124776acd26b08b786c75,2017-09-18 09:36:00,390.6,56.02
o6dfc02bd2a7945d4b13c32e50a9d8fd,1,p6c8a16357a1b4222b92b1b10fd86cc8,scc010e9e51124776acd26b08b786c75,2017-02-05 20:36:00,294.0,53.22
o74f5f49831174118a5da1a7d3db9b0f,1,p8df5964ac6c84f6fa75c671783f9cdb,s631ff1e6e97c4f1cb7507c0eef58e04,2018-02-25 20:30:00,445.31,47.89
o74f5f49831174118a5da1a7d3db9b0f,2,p6b56f1bd9d204158b018e11ef9f7fde,sd942a2bc3ea54a209a970f3bbe01dbb,2018-02-25 20:30:00,375.07,8.59
od912ff60ddc04493ac8e01856855ecb,1,pf81b502102ce4a3fb464e34c9df241e,sf52559682c644eb2adad5c7496eeb64,2018-03-21 01:07:00,162.83,59.78
o9903084623684f298cea505df13bdc7,1,p9e0f0d43bc624ed6adada927eced29e,s55c49a6678134d889462cd28b34c53f,2017-09-13 20:16:00,346.18,13.88
ofbb08610dae44610939dad3be8e8e11,1,pd5584df2dc684e6b8209a1550bf87eb,s61a1b83494ce4c119d9ba233dd5cf8a,2018-05-07 01:28:00,385.15,39.99
o045262f32be64ffdb109e99ff25ef8b,1,p33da8d9719fe41efb89c2ed03899bc3,sd942a2bc3ea54a209a970f3bbe01dbb,2017-12-24 12:09:00,91.29,58.83
o272b3d49c5234445a43582134af871a,1,p9d9e6a3902694f77a5c7c12e7149529,sf52559682c644eb2adad5c7496eeb64,2017-07-26 20:31:00,29.29,42.58
o272b3d49c5234445a43582134af871a,2,p1e39bbe0e1b84d0e974ba25f11d72e9,scc010e9e51124776acd26b08b786c75,2017-07-26 20:31:00,44.23,38.2
o4e3b1772c2a14a6985a6d9b1887f4d4,1,p8df5964ac6c84f6fa75c671783f9cdb,sfa26dce7050f419e877b252162124aa,2017-09-13 12:51:00,255.11,10.48
o03f0ff2120ab4976a29c7cc33e19673,1,p049cd665404e4a23b77fa6578ef5dd2,sc148465fc2574bd793d1446dd04ae3d,2018-08-28 01:37:00,51.27,16.84
o68920b6c03704b75b8e5714335f991d,1,pc5bbaac5309c4599a2a63d01c2501e0,s1205c1737cae4d79805c591b9af712a,2017-07-24 19:51:00,235.67,35.85
o2b1aa240fb464bacb7d5ec427d1652f,1,pe5b1c6999481431abaad3399ebd0544,sd7d9f62b3fc24153aaa048b23268063,2018-03-24 23:19:00,115.83,23.43
o2e67a74a64f6418d8fe98bfc4319142,1,p3e8029aab7b240c595103e1d8e960d4,s631ff1e6e97c4f1cb7507c0eef58e04,2017-12-03 13:12:00,273.92,30.01
o2e67a74a64f6418d8fe98bfc4319142,2,pcf84502e3cf849a9871f4f0cf698fa4,sadaf7ff5227944a9aec04f812b3d7ec,2017-12-03 13:12:00,420.79,33.32
o2e67a74a64f6418d8fe98bfc4319142,3,p25f770c5758446b9b0bd73f00aa3221,s12911c3fd6ee4705bd431964beb5cc1,2017-12-03 13:12:00,78.07,25.02
of153c2e07d7d420d95215d165a6e60a,1,p9a51256767ba4e3bbcf4241a2767556,s5457f59715f14a66be670f7c47b960d,2018-02-28 05:41:00,377.16,6.42
of43bb0a509aa47cb81ff7d5d67f31c0,1,p0d5a2d09296641ebb7aaddba1d03a14,sadaf7ff5227944a9aec04f812b3d7ec,2017-04-25 10:15:00,136.86,41.4
o625d873aa1f34267bb696196c332516,1,p6b56f1bd9d204158b018e11ef9f7fde,sadaf7ff5227944a9aec04f812b3d7ec,2017-12-04 02:46:00,157.61,37.8
o3450f35739744776b5d499f0e6ad6b5,1,p4af1afe2775844cea5a28befa3c2c47,sfa26dce7050f419e877b252162124aa,2018-01-10 04:28:00,277.57,60.96
o32ee0e5aa87a4322a9610427198826b,1,p60b82755a5e942109f8e58892888e64,sd942a2bc3ea54a209a970f3bbe01dbb,2017-01-22 11:27:00,137.95,25.03
o32ee0e5aa87a4322a9610427198826b,2,p67a6579f5be94c97bf63e690cb8f2f2,s4243bb6f10e041efa5d6808100ed7b1,2017-01-22 11:27:00,47.87,10.53
of2bc0235e3194950bf89376db4c254e,1,p901a1f4bf37444a5965537a8a4ceedb,s631ff1e6e97c4f1cb7507c0eef58e04,2017-07-20 11:04:00,265.22,32.24
o65773282fb4d42c983d44b85f9997aa,1,pedc80fd1520045b491de86e2286b78c,sd7d9f62b3fc24153aaa048b23268063,2018-02-08 23:00:00,372.36,60.52
ofe755fa2cbbd4cb08879caf57d162af,1,pb6597897533c4c8bbbb3fbdb5ba222d,s0ef725d99e794db5a29b12d8883d743,2017-08-31 17:49:00,36.41,31.31
oda18a952ba0649ce926df6868e0cec5,1,p886b74fbb3bf4f38a12011e1be6ea59,scc010e9e51124776acd26b08b786c75,2017-06-21 13:13:00,171.54,20.32
of75e0e9b0cd3409fbe45ba88e5d60c2,1,pe7569b37ff02407fb5f3a0ff7c8ebf6,s55c49a6678134d889462cd28b34c53f,2018-03-26 18:19:00,76.22,19.94
of75e0e9b0cd3409fbe45ba88e5d60c2,2,p043742593ba4468b92a3e823c6bf842,s61a1b83494ce4c119d9ba233dd5cf8a,2018-03-26 18:19:00,70.66,14.35
odcb87c75e432448e95b3350bc6d8f85,1,p0d5dab5d7281429bbc368021494a5b3,sf15f5e4f742b4dba92127f8dd0ff524,2017-06-16 08:11:00,148.14,42.52
o52633190142f483da797a18ceb2e5a4,1,p3d4c6cb70a334e188af937696d0e02e,sc8c08dc14a524da48d7b953f9fd29e9,2017-06-02 16:02:00,197.65,8.98
oc8b098a9e9314f728c6dbd4ceaa4e6e,1,p6c571237f78245debef7d15b01c9c1f,sd942a2bc3ea54a209a970f3bbe01dbb,2017-11-20 01:30:00,229.37,54.87
oa3f21d4173aa4133810830047f256df,1,p6c8a16357a1b4222b92b1b10fd86cc8,sf52559682c644eb2adad5c7496eeb64,2018-02-22 21:56:00,271.99,36.01
oa3f21d4173aa4133810830047f256df,2,pcf84502e3cf849a9871f4f0cf698fa4,sd7d9f62b3fc24153aaa048b23268063,2018-02-22 21:56:00,406.3,24.68
o94f2c526bd27491093950846dc6537c,1,p60b62ebf0ae64d2dacfdb7afb57c567,sf15f5e4f742b4dba92127f8dd0ff524,2017-01-20 13:40:00,288.49,54.02
oc59761cdb3a74212b793f1a0f3ad56c,1,p4f8b3f6c7ebb4c18b10d0dfef0ff02e,sfa26dce7050f419e877b252162124aa,2017-12-17 15:16:00,42.46,26.93
oc59761cdb3a74212b793f1a0f3ad56c,2,p509bda87e3b6423fbbf621ca59e7db6,se81cb3c178604b39811eafab1e11775,2017-12-17 15:16:00,69.91,18.63
o448c61884a5645c59e2c3d67ff33a88,1,pedc80fd1520045b491de86e2286b78c,s4243bb6f10e041efa5d6808100ed7b1,2018-06-06 16:25:00,338.9,36.53
o448c61884a5645c59e2c3d67ff33a88,2,p673442518a0647e6aff65aab31e8294,s2a4c856b95204db8b1f762fbc9f3c57,2018-06-06 16:25:00,389.07,36.5
oa5914965ee774be4af9eebf8f3513f0,1,p0f774a11e981433c92505e25955531e,s55c49a6678134d889462cd28b34c53f,2017-06-24 03:40:00,432.19,61.93
oa5914965ee774be4af9eebf8f3513f0,2,pf0f5adfc64604565ad99646d18ec339,s0ef725d99e794db5a29b12d8883d743,2017-06-24 03:40:00,406.92,63.32
oe394ca6c9b64404daeff378f5a59bce,1,p8610e01651304311b6a1f4ea93bde41,s0ef725d99e794db5a29b12d8883d743,2017-08-06 23:39:00,357.05,43.77
oe394ca6c9b64404daeff378f5a59bce,2,p2aae6f6c368d4531b8719fd7d2d6d33,s2a4c856b95204db8b1f762fbc9f3c57,2017-08-06 23:39:00,99.12,55.06
o0ba43148f6cc401da8f788c7d7fb1c4,1,p9e0f0d43bc624ed6adada927eced29e,sd942a2bc3ea54a209a970f3bbe01dbb,2017-08-04 17:09:00,116.0,31.3
o04989f27292247278a008cdaf845b16,1,p0d5a2d09296641ebb7aaddba1d03a14,sd7d9f62b3fc24153aaa048b23268063,2017-02-15 19:53:00,141.63,36.37
o14ac5a818f93406faf269a519b579d1,1,p9a51256767ba4e3bbcf4241a2767556,s12911c3fd6ee4705bd431964beb5cc1,2018-03-13 10:40:00,51.15,11.07
o142e1448ab824d748b1044a3fd275eb,1,p6c571237f78245debef7d15b01c9c1f,s2a4c856b95204db8b1f762fbc9f3c57,2018-08-03 14:53:00,56.29,63.0
o142e1448ab824d748b1044a3fd275eb,2,p711af43c57ba4cd59711a1745a022d1,s12911c3fd6ee4705bd431964beb5cc1,2018-08-03 14:53:00,267.35,47.56
o3bd17b8b2e634c399ef924cadb15bd2,1,p1e39bbe0e1b84d0e974ba25f11d72e9,s76118a622a8a4a6f9c38c6703a793ed,2018-02-18 11:40:00,142.14,29.73
o7a46ecbefa7a40408aa01043b85f6ce,1,pe7c23092c28748bdbfcb5abf14b9820,s631ff1e6e97c4f1cb7507c0eef58e04,2018-04-07 20:03:00,155.02,29.08
o39aa5f1ef8f642cdadf9f67e039246b,1,pedc80fd1520045b491de86e2286b78c,sfa26dce7050f419e877b252162124aa,2017-11-15 07:58:00,387.35,34.13
o39aa5f1ef8f642cdadf9f67e039246b,2,p857420e1bf9446488d032728e26ec26,sc148465fc2574bd793d1446dd04ae3d,2017-11-15 07:58:00,404.66,50.29
oe2af4dd27e08485195abc715318ab27,1,p7bb1795a51de48599d7d995b35c28e6,sfa26dce7050f419e877b252162124aa,2018-08-02 16:11:00,78.41,25.41
oe2af4dd27e08485195abc715318ab27,2,p60fc66193bd240d0b580cdcf8fb589b,s0ef725d99e794db5a29b12d8883d743,2018-08-02 16:11:00,72.87,28.11
o21a8d08fa2ac4c1984ffa17d5eb44cf,1,p8610e01651304311b6a1f4ea93bde41,sadaf7ff5227944a9aec04f812b3d7ec,2017-08-24 10:52:00,206.55,53.69
o21a8d08fa2ac4c1984ffa17d5eb44cf,2,pfde51743c162499099ab467cd16b2df,s61a1b83494ce4c119d9ba233dd5cf8a,2017-08-24 10:52:00,144.11,62.88
o21a8d08fa2ac4c1984ffa17d5eb44cf,3,p99e24deb0ef8409ebdf8993f71be40c,sd942a2bc3ea54a209a970f3bbe01dbb,2017-08-24 10:52:00,379.5,29.87
o5f62770c18f94cd99fb8474c12fe541,1,peda596b308fa43a6b1d1bc6235d7155,s1205c1737cae4d79805c591b9af712a,2018-01-13 09:51:00,389.08,64.18
o5f62770c18f94cd99fb8474c12fe541,2,p8610e01651304311b6a1f4ea93bde41,se81cb3c178604b39811eafab1e11775,2018-01-13 09:51:00,266.85,10.8
o5f62770c18f94cd99fb8474c12fe541,3,p49c8d19b6b0540dca498b1ddc092205,s3f2abab2451142d0927b8e58c4eafeb,2018-01-13 09:51:00,221.95,23.81
oc63dd319f12a49da9c13929590c16f6,1,p372737b81aed4a75b5b427fb45c01f4,se81cb3c178604b39811eafab1e11775,2017-10-08 14:53:00,297.87,58.75
o10a7c6ae52704871b73b2ca1ca00b2d,1,p25f770c5758446b9b0bd73f00aa3221,s1205c1737cae4d79805c591b9af712a,2018-05-22 20:45:00,116.17,52.9
of12eb5b593af48378a851acd67e92e6,1,p9e0f0d43bc624ed6adada927eced29e,sd7d9f62b3fc24153aaa048b23268063,2018-01-06 21:07:00,345.09,15.76
oc82f08a57fbc488f96370f70a537ca4,1,p9a51256767ba4e3bbcf4241a2767556,sd942a2bc3ea54a209a970f3bbe01dbb,2018-02-27 19:44:00,54.47,20.63
oc82f08a57fbc488f96370f70a537ca4,2,pedc80fd1520045b491de86e2286b78c,sadaf7ff5227944a9aec04f812b3d7ec,2018-02-27 19:44:00,167.77,43.83
o04483d2771d848f38c7c9ed678d44a2,1,p043742593ba4468b92a3e823c6bf842,s2a4c856b95204db8b1f762fbc9f3c57,2018-01-23 03:10:00,178.05,9.16
o04483d2771d848f38c7c9ed678d44a2,2,pc5bbaac5309c4599a2a63d01c2501e0,sf15f5e4f742b4dba92127f8dd0ff524,2018-01-23 03:10:00,291.87,34.89
o640f671bdd914fe098a3fc777e8597b,1,p3419b8bc6e2b493b9fa0ebba9f7d8db,s5457f59715f14a66be670f7c47b960d,2017-07-06 08:09:00,61.88,45.98
o640f671bdd914fe098a3fc777e8597b,2,pa81a2d45d5b44205a5acddfdbc1e71f,scc010e9e51124776acd26b08b786c75,2017-07-06 08:09:00,87.81,10.98
o640f671bdd914fe098a3fc777e8597b,3,pdfb0f135b9644d549825519a0d211f2,sd9115cf05943475dbc757d0991b9042,2017-07-06 08:09:00,82.53,41.79
o7eed9be685884765a856efc1cdaab06,1,pe55c31ab7d884e139f4a9163f6f9434,sf52559682c644eb2adad5c7496eeb64,2017-09-15 17:09:00,322.82,55.34
o0fbe37adeb974d7ba3a5feac64299ca,1,p0d5a2d09296641ebb7aaddba1d03a14,s76118a622a8a4a6f9c38c6703a793ed,2017-10-21 21:08:00,154.86,34.05
o5956045685ac44d5b10a22748742f48,1,pf637feccc06945a095f61b19b446423,se81cb3c178604b39811eafab1e11775,2017-11-16 12:47:00,27.16,63.01
o456418ea3fab4ec59d3ff587bea6379,1,p3d4c6cb70a334e188af937696d0e02e,s3f2abab2451142d0927b8e58c4eafeb,2018-06-10 05:54:00,154.34,47.84
o456418ea3fab4ec59d3ff587bea6379,2,p0d5dab5d7281429bbc368021494a5b3,sf15f5e4f742b4dba92127f8dd0ff524,2018-06-10 05:54:00,263.45,41.78
o456418ea3fab4ec59d3ff587bea6379,3,p3944eeaf9a3143eaa5c57c7142894c6,s0ef725d99e794db5a29b12d8883d743,2018-06-10 05:54:00,104.62,46.36
o6d12ffdb92644cbc8e41ecf6371e357,1,p3419b8bc6e2b493b9fa0ebba9f7d8db,sf15f5e4f742b4dba92127f8dd0ff524,2018-01-21 11:02:00,424.02,44.2
od0bc1f9fdeda44139609eb740ed3883,1,p049cd665404e4a23b77fa6578ef5dd2,s76118a622a8a4a6f9c38c6703a793ed,2017-09-22 07:00:00,84.13,52.47
od39ed554c6a84a49acc20c1c6070f85,1,pafeb3e0eea274ef5a1b5df36e4da611,sd942a2bc3ea54a209a970f3bbe01dbb,2017-10-24 12:18:00,102.34,36.09
od39ed554c6a84a49acc20c1c6070f85,2,p8fb70896ceb84a7aad90e793a9f0eb3,sd942a2bc3ea54a209a970f3bbe01dbb,2017-10-24 12:18:00,223.29,11.68
od39ed554c6a84a49acc20c1c6070f85,3,p8fb70896ceb84a7aad90e793a9f0eb3,s0ef725d99e794db5a29b12d8883d743,2017-10-24 12:18:00,95.25,50.75
o58f0de53b3b5451f971f1b549a72eef,1,pedc80fd1520045b491de86e2286b78c,s631ff1e6e97c4f1cb7507c0eef58e04,2017-08-08 21:20:00,39.55,27.8
o8d0e24eedc5f4b44a25d42b1f7534ab,1,p67a6579f5be94c97bf63e690cb8f2f2,sb6ecb24c190a48aca859fcb9d53597f,2018-04-02 03:53:00,240.35,6.05
o6ba1a466cf66495c932017cde657fe9,1,p25de0c9004f24bb094f18e735bb10cb,s631ff1e6e97c4f1cb7507c0eef58e04,2017-01-09 19:03:00,373.44,33.59
o2f10a05a98a04de5af83b11343a4604,1,pc5bbaac5309c4599a2a63d01c2501e0,s0ef725d99e794db5a29b12d8883d743,2017-12-26 00:29:00,449.63,57.92
o8a27c8022a604a31b5c711ca98ada7c,1,p6c8a16357a1b4222b92b1b10fd86cc8,s12911c3fd6ee4705bd431964beb5cc1,2017-05-14 08:22:00,161.94,44.92
o8a27c8022a604a31b5c711ca98ada7c,2,peda596b308fa43a6b1d1bc6235d7155,s4243bb6f10e041efa5d6808100ed7b1,2017-05-14 08:22:00,245.52,19.76
o8a27c8022a604a31b5c711ca98ada7c,3,pdfb0f135b9644d549825519a0d211f2,s2a4c856b95204db8b1f762fbc9f3c57,2017-05-14 08:22:00,99.65,57.42
o160b07f743724a8ba0617ea09559023,1,pedc80fd1520045b491de86e2286b78c,sf15f5e4f742b4dba92127f8dd0ff524,2018-02-12 08:30:00,161.89,58.4
o980a825da67d4210bdbe2cf4bc33471,1,p6c8a16357a1b4222b92b1b10fd86cc8,sadaf7ff5227944a9aec04f812b3d7ec,2017-10-12 01:43:00,392.59,12.83
o2cf12687684747208bdce8f947bd104,1,p60fc66193bd240d0b580cdcf8fb589b,sf15f5e4f742b4dba92127f8dd0ff524,2017-03-13 14:01:00,338.46,62.48
o2cf12687684747208bdce8f947bd104,2,p3419b8bc6e2b493b9fa0ebba9f7d8db,sc8c08dc14a524da48d7b953f9fd29e9,2017-03-13 14:01:00,172.88,59.55
o2cf12687684747208bdce8f947bd104,3,p4e21ca0b6efc4631973c89e2b48c62c,sc148465fc2574bd793d1446dd04ae3d,2017-03-13 14:01:00,221.66,47.22
oc4aba1da7cfb44e0a6fad5e245c033b,1,p6c571237f78245debef7d15b01c9c1f,sd7d9f62b3fc24153aaa048b23268063,2017-06-17 16:35:00,32.13,57.81
oc4aba1da7cfb44e0a6fad5e245c033b,2,p3e8029aab7b240c595103e1d8e960d4,s0ef725d99e794db5a29b12d8883d743,2017-06-17 16:35:00,222.44,51.03
o000a279911234479910ccf3f35777fb,1,p2aae6f6c368d4531b8719fd7d2d6d33,sf5c33c9f1d7a41fba661ceafde68030,2018-08-08 17:56:00,63.27,61.1
o4b4f271152cf440da00046242a9e6d9,1,p4f8b3f6c7ebb4c18b10d0dfef0ff02e,s61a1b83494ce4c119d9ba233dd5cf8a,2018-05-26 23:39:00,227.98,59.35
