order_id,customer_id,order_status,order_purchase_timestamp,order_approved_at,order_delivered_carrier_date,order_delivered_customer_date,order_estimated_delivery_date
o09c9e1cfaf2f4fba8cc7d095dce2097,ced59ede5bd404c96ae157e35b6286d7,delivered,2018-04-11 14:21:00,2018-04-12 03:21:00,2018-04-16 03:21:00,2018-04-15 21:21:00,2018-04-25 14:21:00
of9bdc26ebe0b4f7caba669d7d19cfc8,cb7bf7e16309047188b386aef9ed0a4a,delivered,2017-09-02 11:30:00,2017-09-03 06:30:00,2017-09-07 06:30:00,2017-09-10 13:30:00,2017-09-15 11:30:00
oa0f4c7312ac74a799b8de0fa3b68397,cea498c1a065540488d5d103d59c70f6,delivered,2017-03-19 18:44:00,2017-03-20 02:44:00,2017-03-23 02:44:00,2017-03-24 06:44:00,2017-03-30 18:44:00
o523711a61a814eeaa4b060da91b6ceb,c278fa96c276c461fb05de9181a71c68,delivered,2018-04-22 15:52:00,2018-04-23 00:52:00,2018-04-25 00:52:00,2018-04-26 19:52:00,2018-05-07 15:52:00
oa78dbbf2d7ac4395a61557cda2c9b27,cfd9c9a8d748f4945a3351829058e7d3,delivered,2018-06-14 12:05:00,2018-06-15 02:05:00,2018-06-20 02:05:00,2018-06-28 19:05:00,2018-07-01 12:05:00
o46b59a5da90649f5bf4c65b013f2dcc,c72ba9e6770e2457fb0477855dbef3bc,delivered,2018-07-18 14:22:00,2018-07-18 23:22:00,2018-07-21 23:22:00,2018-07-24 19:22:00,2018-08-01 14:22:00
o60b8261b5f104b68ac700c19634afdb,c12a1461eae6249d89ceb1a562d7a5d3,delivered,2017-10-31 12:23:00,2017-10-31 13:23:00,2017-11-05 13:23:00,2017-11-22 12:23:00,2017-11-21 12:23:00
o10f546c7013d4fb5a293feddca6a644,c8f7f21ab9587452db59b90fa5283f05,delivered,2018-05-05 10:52:00,2018-05-06 02:52:00,2018-05-11 02:52:00,2018-05-08 12:52:00,2018-05-16 10:52:00
o561880d893ba4c6aada68f0772dee5f,cc4e70eabbca24df289ce0376fefc9fa,delivered,2017-11-01 18:27:00,2017-11-02 14:27:00,2017-11-07 14:27:00,2017-11-05 06:27:00,2017-11-11 18:27:00
oa1b58327013b476890e447ea05e0823,c1fd51149d5fa41e488e687079bb42ab,delivered,2017-10-23 20:18:00,2017-10-24 11:18:00,2017-10-26 11:18:00,2017-10-30 02:18:00,2017-11-03 20:18:00
o3f5dcf6c54bb4ab79e0ab3b635ca89b,c7f50fed93f8f4d95a0a74f94198776c,delivered,2018-04-25 20:19:00,2018-04-26 05:19:00,2018-05-01 05:19:00,2018-04-30 05:19:00,2018-05-13 20:19:00
o7decf8a5c115468b932422eb5c49ee5,c8eec34a6676149b59bf8e636db2100a,delivered,2017-06-29 16:33:00,2017-06-30 22:33:00,2017-07-02 22:33:00,2017-07-09 02:33:00,2017-07-13 16:33:00
o3c0cc26dade7496bb41c87fac60bcf0,c69627afb22b84d25bd7f8cb8c9262f8,delivered,2018-06-11 09:42:00,2018-06-12 00:42:00,2018-06-13 00:42:00,2018-06-19 18:42:00,2018-06-27 09:42:00
odef2b4bab5a74dc79f5bed8ed536935,c4ab3df331a1548f3863f782405bc606,canceled,2017-04-06 12:53:00,2017-04-07 03:53:00,,,2017-04-17 12:53:00
o10ab2f49139342c289c3a3469c536f9,c140b1501fbdd4fae88ced9c41a40f5c,delivered,2018-07-19 11:24:00,2018-07-20 07:24:00,2018-07-22 07:24:00,2018-07-26 23:24:00,2018-08-06 11:24:00
ob4c125bf754b44cbb3604196dadbb8e,c68ee869d9722490b9b3fd1bef5b7ee6,delivered,2018-04-12 14:55:00,2018-04-13 13:55:00,2018-04-18 13:55:00,2018-04-21 14:55:00,2018-04-25 14:55:00
of51b948447e84ed287c5ed5d3cee38f,cfb324a2f582a46a4a2d0544dccc01cf,delivered,2017-04-13 16:06:00,2017-04-14 07:06:00,2017-04-16 07:06:00,2017-04-21 18:06:00,2017-04-23 16:06:00
o99767d067a45406b8ba382ac1bdf4c6,cf123c4d04c4c4be6974ab6e6ca15434,delivered,2017-03-12 12:40:00,2017-03-12 22:40:00,2017-03-13 22:40:00,2017-03-17 00:40:00,2017-03-25 12:40:00
oa1a5ad3bafc6491198be2cdd608b673,c4c6660983cc44d429da268239eee416,delivered,2018-08-03 19:50:00,2018-08-04 01:50:00,2018-08-09 01:50:00,2018-08-10 02:50:00,2018-08-14 19:50:00
obbc0744e17ac42eb8aaad0ff4c56b58,cb3ce69ef907b4f17b850d54bcdeb6d4,delivered,2018-03-11 20:16:00,2018-03-12 06:16:00,2018-03-16 06:16:00,2018-03-15 23:16:00,2018-03-24 20:16:00
oc7ab41bedeb943e6b8a46eb6ace49c3,cb460568af2074d008b515c9e6b5bd41,delivered,2018-05-24 13:49:00,2018-05-25 09:49:00,2018-05-28 09:49:00,2018-06-02 22:49:00,2018-06-15 13:49:00
of00752d93e9247f7a063544b4e5ae14,c83f7534478394ae7913dc801740a636,delivered,2018-03-02 11:12:00,2018-03-03 05:12:00,2018-03-06 05:12:00,2018-03-13 13:12:00,2018-03-26 11:12:00
of8c44a1cc6324c5699602aa86865dae,cda6dc6ed3ba24188ad6e5e425e98922,delivered,2018-07-25 14:05:00,2018-07-25 15:05:00,2018-07-30 15:05:00,2018-08-15 00:05:00,2018-08-08 14:05:00
o362bfb06d52d4d27b594228f8e4f70e,c9166f88fc1804b008081df50bdaf2f8,delivered,2018-02-23 10:08:00,2018-02-23 12:08:00,2018-02-27 12:08:00,2018-03-13 18:08:00,2018-03-09 10:08:00
o27f565ebeb8244d9911d54103445802,c0eba6a9fcdf1416ab934fc478a98473,delivered,2018-02-22 13:02:00,2018-02-22 20:02:00,2018-02-26 20:02:00,2018-03-10 18:02:00,2018-03-11 13:02:00
of92c0e780c194ce884dbd6ca2cc377e,c1c60a74f53cb464d91ceb25574d6955,delivered,2017-01-22 09:50:00,2017-01-22 14:50:00,2017-01-27 14:50:00,2017-02-11 12:50:00,2017-02-13 09:50:00
o096e02cb10d247b6b430fb2383da8bb,c56c857a6ba8244ada2a36c70c14dc33,delivered,2017-01-27 11:00:00,2017-01-28 13:00:00,2017-02-02 13:00:00,2017-02-01 15:00:00,2017-02-09 11:00:00
of0e038f6b6d34b18b003b99cfe60aad,cc52a5f02a801445496814cb25300912,delivered,2018-04-15 19:01:00,2018-04-16 11:01:00,2018-04-20 11:01:00,2018-04-22 02:01:00,2018-05-08 19:01:00
o7941f95a50f54b6180ac6189e66f558,cb954c05a998a45b59dbb47369dc4491,delivered,2017-04-12 21:44:00,2017-04-13 18:44:00,2017-04-18 18:44:00,2017-04-22 03:44:00,2017-05-02 21:44:00
of71de19a4bb64fadb488c9638d6d16f,ce589e97dda564bd0a13e51acf589ea4,delivered,2017-03-10 10:53:00,2017-03-11 00:53:00,2017-03-14 00:53:00,2017-03-13 19:53:00,2017-03-21 10:53:00
oeba02b31c9d64880b7449ceaa42f5ef,ca75d2a2098524ec78a3423b8d70b238,delivered,2018-03-16 17:49:00,2018-03-17 13:49:00,2018-03-22 13:49:00,2018-04-17 04:49:00,2018-04-05 17:49:00
o4a3546f94c0849fea94b18a69b06759,ce129a148a0964b5aac66de9bf832f8f,delivered,2017-04-04 20:33:00,2017-04-05 10:33:00,2017-04-08 10:33:00,2017-04-27 07:33:00,2017-04-21 20:33:00
o9fa86d94834443c1839c83d8b392a22,c7e583bf11634496b9dfb7a086e406a2,delivered,2017-10-07 12:48:00,2017-10-08 00:48:00,2017-10-09 00:48:00,2017-10-20 21:48:00,2017-10-23 12:48:00
o17dd6e526fff4f56a836981bf394b53,c250f17d94f6647009aa5ffb0477d457,delivered,2018-05-25 20:27:00,2018-05-26 09:27:00,2018-05-28 09:27:00,2018-06-11 06:27:00,2018-06-12 20:27:00
o3b93dd99154d42fabcfe113884cedd5,c1bb2ff30cc1d4cc5ae3e8dd3eb31f15,delivered,2018-01-06 10:27:00,2018-01-06 18:27:00,2018-01-11 18:27:00,2018-01-10 16:27:00,2018-01-22 10:27:00
o9c3e4506b3b14b68ab9d9008648e31f,c7a8e8140f66a4552917b23b129a37a0,delivered,2017-05-30 13:12:00,2017-05-30 18:12:00,2017-05-31 18:12:00,2017-06-17 20:12:00,2017-06-21 13:12:00
ob5a40d0351a5463192b8c8c95ff8aee,cda32cc41055e407284d322f0ecf9d7b,delivered,2017-11-14 16:28:00,2017-11-15 04:28:00,2017-11-18 04:28:00,2017-12-10 01:28:00,2017-12-07 16:28:00
o4782e6c3ee2949ee8a6b8c2389bcfd0,c73bbf8234a72457eb516ec418dca17f,delivered,2017-04-16 21:57:00,2017-04-17 20:57:00,2017-04-22 20:57:00,2017-04-20 00:57:00,2017-04-27 21:57:00
ocea01d2a916c4e4fbb5809aa0ac721b,c5d7bfbef195e41e4af16f7231644975,delivered,2017-06-03 14:05:00,2017-06-03 19:05:00,2017-06-06 19:05:00,2017-06-27 01:05:00,2017-06-27 14:05:00
o82b9ae2f23304dfe910ada0bca4f3f2,c4f79b3227e4e4749a051dffbc393a37,delivered,2018-03-10 17:23:00,2018-03-11 03:23:00,2018-03-13 03:23:00,2018-03-20 20:23:00,2018-03-22 17:23:00
oa812baf36af74b20bdfd5986827213c,c4452424f91ae491684bf0c741b88317,delivered,2017-06-07 11:11:00,2017-06-08 12:11:00,2017-06-10 12:11:00,2017-06-11 17:11:00,2017-06-26 11:11:00
oc63d15b69673426cb1abc96dbb78663,c144c512b2efd4e63be377f64f84f2ae,delivered,2018-08-08 16:29:00,2018-08-09 17:29:00,2018-08-14 17:29:00,2018-08-13 19:29:00,2018-08-24 16:29:00
ob00a5e9a8d5a4b96b5a2d0fdc09f11a,c0c26a9ac29c14d4ba9e68b2413be9e1,delivered,2017-04-04 12:52:00,2017-04-05 00:52:00,2017-04-06 00:52:00,2017-04-19 20:52:00,2017-04-28 12:52:00
o6fb22c4745f24d3fbd655d7c2f68ace,cafce9ae5f7774f32bb7ea7995f0343e,delivered,2017-05-23 21:45:00,2017-05-24 17:45:00,2017-05-25 17:45:00,2017-06-06 23:45:00,2017-06-02 21:45:00
o77eb019cfbf54cc78059a07d4c102a3,c682c53ef6b084058b7e1f8195fa9434,delivered,2018-07-03 09:40:00,2018-07-03 17:40:00,2018-07-05 17:40:00,2018-07-06 18:40:00,2018-07-24 09:40:00
o25582b8b38ab4d2095eb916b100b75d,cb110c578984f4527b69a879693fe929,delivered,2018-04-27 09:40:00,2018-04-27 21:40:00,2018-04-28 21:40:00,2018-05-01 14:40:00,2018-05-11 09:40:00
o25a8e06130ca4f669366378593384bd,c0333dd78dafe42a093809328b301521,delivered,2017-07-06 21:08:00,2017-07-07 22:08:00,2017-07-08 22:08:00,2017-07-10 09:08:00,2017-07-23 21:08:00
o46a6335220a140b1b14163daf87cae1,ca6a2cd7ab3d149be9df6880a81f44bd,delivered,2017-12-06 13:07:00,2017-12-07 03:07:00,2017-12-11 03:07:00,2017-12-21 18:07:00,2017-12-30 13:07:00
o271fc904acf24e1390fae65dfd2ca2a,c9df7dc095d3a4320a3a6352a63d2871,delivered,2017-06-20 20:28:00,2017-06-20 22:28:00,2017-06-23 22:28:00,2017-07-07 00:28:00,2017-07-11 20:28:00
oa7ed90f20aae48d9b81babac1c7b467,cd363af00154d4a6fa29926fb6bf3e83,delivered,2017-02-05 11:04:00,2017-02-06 08:04:00,2017-02-09 08:04:00,2017-02-17 11:04:00,2017-02-20 11:04:00
o842cc06dc4f841d081b32e2ba83f39c,cb1baa291b13d4eb2b1056c60dd6b7b2,canceled,2018-05-27 17:24:00,2018-05-27 21:24:00,,,2018-06-10 17:24:00
o68e5cadd289e4a8fa9ab991440500bd,cea4ea7ca2b0b447ba1e969232e3d934,delivered,2017-12-22 20:04:00,2017-12-23 06:04:00,2017-12-26 06:04:00,2018-01-14 22:04:00,2018-01-15 20:04:00
o3bedd80fc00846f9b3ee5b170e083b6,caf07d1ccadd64eaf9b18a002f1677b9,delivered,2018-06-23 15:49:00,2018-06-24 10:49:00,2018-06-26 10:49:00,2018-06-27 22:49:00,2018-07-04 15:49:00
of1d5597daf7b4142b144168cda3a25f,ce2feaba076bf4b638b3ea21b8534eb6,delivered,2017-11-08 11:10:00,2017-11-09 10:10:00,2017-11-12 10:10:00,2017-11-19 15:10:00,2017-11-21 11:10:00
oc70bca9a7952432eaddc31c21c1c3ca,c044f2d64bea94bd4bc83f54440f43c8,delivered,2018-08-01 09:52:00,2018-08-01 12:52:00,2018-08-06 12:52:00,2018-08-05 21:52:00,2018-08-11 09:52:00
o2e873292a4bd426d82db7da05745ac2,c595f0b3e949a4a8abc7c5bcaea421db,delivered,2017-03-16 20:03:00,2017-03-17 10:03:00,2017-03-21 10:03:00,2017-03-28 22:03:00,2017-04-02 20:03:00
o666351ad597b44a9aaeafd1e4023e74,c3fc4662aaba14773a60cde597df9b76,delivered,2017-09-11 11:06:00,2017-09-12 00:06:00,2017-09-17 00:06:00,2017-09-19 16:06:00,2017-10-04 11:06:00
o7b56afafd02f4d21a3b90d7fe6e38dc,c8944d672bd6545d9b3e8364f9056707,delivered,2017-10-20 17:00:00,2017-10-21 07:00:00,2017-10-24 07:00:00,2017-10-29 22:00:00,2017-11-01 17:00:00
o664fb8a84472482280b854d2581a399,cd8d70309e36b43f7aba352ed06ad48e,delivered,2017-05-12 10:25:00,2017-05-12 21:25:00,2017-05-15 21:25:00,2017-05-18 19:25:00,2017-05-30 10:25:00
oace0460179f4443abc5a3c4236162ab,cd8ee2c17f5534f478cb18532f9decda,delivered,2017-06-16 15:39:00,2017-06-17 01:39:00,2017-06-20 01:39:00,2017-07-05 02:39:00,2017-07-05 15:39:00
of288a480ed984fb8af3456874903374,ccbcfd9d7c3b54c5585ac85e780eacab,shipped,2017-09-29 19:50:00,2017-09-30 14:50:00,2017-10-02 14:50:00,,2017-10-18 19:50:00
od8e1dd7c492948168be60a746d92556,c39b9454243ae492b96a758151110a24,delivered,2018-03-05 11:26:00,2018-03-06 01:26:00,2018-03-11 01:26:00,2018-03-21 22:26:00,2018-03-23 11:26:00
o9b996ec1f28b4e53b8fad8088ad3b9c,c40360d7b231b425c9fb5a5a22aa38ae,delivered,2018-05-11 12:15:00,2018-05-11 22:15:00,2018-05-14 22:15:00,2018-05-17 23:15:00,2018-05-24 12:15:00
odd54da185107415f9c79c4cbb07770f,cb94bd1880d6d4abf9aa0bc8601b4058,delivered,2017-10-22 20:05:00,2017-10-23 11:05:00,2017-10-26 11:05:00,2017-10-31 23:05:00,2017-11-11 20:05:00
o2b3fdceba16646bab654202b06b5be5,c96cc9ac548984fd7ba030b1a12d79c3,delivered,2017-01-06 17:59:00,2017-01-07 14:59:00,2017-01-11 14:59:00,2017-01-16 05:59:00,2017-01-30 17:59:00
o3e3c16a12a274efa90b65741fbe2b89,c9b9fa6a6e6ad42ab927a8811e320425,delivered,2017-01-10 13:36:00,2017-01-11 19:36:00,2017-01-14 19:36:00,2017-01-23 21:36:00,2017-01-25 13:36:00
ocebec0809c8747dc8104d7288ffe96e,c355b1dc73dd94c2abf2c77cd625ded3,delivered,2018-08-05 19:48:00,2018-08-06 15:48:00,2018-08-10 15:48:00,2018-08-25 00:48:00,2018-08-28 19:48:00
o8bcc01f5fcbd4a7d83244025e622405,c281b978ab55644ef9068b9c051be459,delivered,2017-09-25 19:23:00,2017-09-25 21:23:00,2017-09-26 21:23:00,2017-10-04 01:23:00,2017-10-15 19:23:00
od67f57af9e3443e1ac2af067f31f63c,c793b44d06a1e4c72af870d0eaa01692,canceled,2018-03-02 20:35:00,2018-03-03 21:35:00,,,2018-03-20 20:35:00
o0bbf343120924595803ecf3abaa25b7,caeb62e08fcf04938a0fe27967de36c7,delivered,2018-08-10 17:09:00,2018-08-11 21:09:00,2018-08-15 21:09:00,2018-09-02 04:09:00,2018-08-28 17:09:00
oe8e35b44eb864149af4066697131e77,cb0a753a136ba45f9af352c27d0d24a9,delivered,2018-02-10 13:52:00,2018-02-10 20:52:00,2018-02-11 20:52:00,2018-03-08 00:52:00,2018-03-01 13:52:00
o70cad10145684749b77153204856a80,cf766ec44ca86474bb40e99dd8c31139,canceled,2018-01-27 16:55:00,2018-01-28 05:55:00,,,2018-02-12 16:55:00
oa07b0d4d5a85441e9f9c2705dd41a59,c9a2cd491196547929c8df1c9a1e400a,delivered,2017-01-24 13:29:00,2017-01-25 07:29:00,2017-01-30 07:29:00,2017-01-30 16:29:00,2017-02-09 13:29:00
o095578c9aed14dcd9ae38b7f7af2e74,c071eb888b4e4400bab62846b7c08061,delivered,2017-03-10 10:38:00,2017-03-11 06:38:00,2017-03-12 06:38:00,2017-03-14 16:38:00,2017-03-30 10:38:00
o1d68c7e153364ed4a8f6955402c3824,c6bbcc8b75dc14dc99037b8b5dd5958b,delivered,2017-08-31 13:56:00,2017-09-01 11:56:00,2017-09-03 11:56:00,2017-09-07 13:56:00,2017-09-18 13:56:00
o21f58868a6c144ad8a3ed6f20cbd561,c66a2086c932649fd8db2bcce33b5006,delivered,2018-03-03 15:09:00,2018-03-03 21:09:00,2018-03-08 21:09:00,2018-03-13 19:09:00,2018-03-25 15:09:00
o7c27e054e594461daff9eb34c9aad95,c28a7b59ddcf64e04aabe8de9cc1d7ff,delivered,2017-02-22 13:24:00,2017-02-23 09:24:00,2017-02-24 09:24:00,2017-03-03 22:24:00,2017-03-04 13:24:00
o913699501cfd415abc14130d7366ff2,c72358126f8e2470bb93ca0f4ddce1ae,delivered,2018-02-11 12:35:00,2018-02-11 22:35:00,2018-02-15 22:35:00,2018-02-19 16:35:00,2018-02-27 12:35:00
offb5fa11635c4b49bbd0ad5bfafc971,c244457415e814eec963ec7d704978f1,delivered,2017-05-30 09:16:00,2017-05-31 04:16:00,2017-06-04 04:16:00,2017-06-08 14:16:00,2017-06-18 09:16:00
o3757c5c60d43484688580aa8dd6e90a,c9fada14cceb44912b6c20bc68cd9ed1,delivered,2017-06-22 20:50:00,2017-06-23 01:50:00,2017-06-28 01:50:00,2017-07-13 06:50:00,2017-07-13 20:50:00
o8763037ad354448ab341f881a7e1cd5,cd680e49238e9490c8f5c24a46991837,delivered,2017-01-17 09:34:00,2017-01-17 10:34:00,2017-01-22 10:34:00,2017-01-24 13:34:00,2017-01-27 09:34:00
o4f3006dcf10d4251aff5bd66360430d,c8b4bbd4c1ab94ae79d7c54cdd6a378c,delivered,2018-02-20 16:36:00,2018-02-21 15:36:00,2018-02-24 15:36:00,2018-02-25 02:36:00,2018-03-05 16:36:00
ob3954d2b98a54580bc6aca4199dece0,c1ad89787e26c4ef5812ff7207ff58d4,delivered,2017-10-05 09:59:00,2017-10-06 15:59:00,2017-10-11 15:59:00,2017-10-08 11:59:00,2017-10-19 09:59:00
o21da06296d3a45ddb3b8b159a38745a,c8eb5bb5d8bf94739b9092e32761c722,delivered,2018-05-28 20:22:00,2018-05-29 10:22:00,2018-05-30 10:22:00,2018-06-10 05:22:00,2018-06-10 20:22:00
o1aee8534c9b44d30967daa793be8633,c319beaf6403144e8a6b5bd7afe7a04e,delivered,2017-03-29 21:39:00,2017-03-30 05:39:00,2017-03-31 05:39:00,2017-04-23 03:39:00,2017-04-19 21:39:00
oad160e529f2f4497a1b4053a3b94f61,c71ddcced4fc14caaaddc0904849410b,delivered,2017-04-16 09:05:00,2017-04-16 12:05:00,2017-04-21 12:05:00,2017-05-01 09:05:00,2017-05-05 09:05:00
o1ecd220eb4514d258d5ab29a6e341a5,c39aa935f2fb04cf18b75a8b4d6821b8,delivered,2017-11-05 13:31:00,2017-11-05 19:31:00,2017-11-08 19:31:00,2017-11-16 01:31:00,2017-11-21 13:31:00
o73600b0157b840c9aad2a5322506026,c426c10f83cb4453ba88d3534987e5bb,delivered,2017-12-04 16:21:00,2017-12-05 19:21:00,2017-12-10 19:21:00,2018-01-03 01:21:00,2017-12-27 16:21:00
oa3cfda04833941d6946a29496808198,c15fe3c274de142d88958edf94419c3f,delivered,2018-04-18 20:13:00,2018-04-19 06:13:00,2018-04-20 06:13:00,2018-05-05 06:13:00,2018-05-11 20:13:00
o60327ea14aa147939d9077f8eea2d8d,cf71cc985223447a88e86934fbeb3a10,shipped,2018-07-11 09:50:00,2018-07-12 08:50:00,2018-07-17 08:50:00,,2018-08-04 09:50:00
o7c1e26534e4b4b679f51150fc6b6bdd,cbba507bc6f4c4815989590fe0575969,delivered,2017-12-06 21:27:00,2017-12-07 01:27:00,2017-12-09 01:27:00,2017-12-18 05:27:00,2017-12-20 21:27:00
oe5da657c4a2245ceb4cea3a0726697d,c6cba5fdd1dbb4e019c4cda594f6776c,delivered,2018-03-02 10:07:00,2018-03-03 10:07:00,2018-03-06 10:07:00,2018-03-12 22:07:00,2018-03-14 10:07:00
ob976d62d955c4e6f822ab37be352932,c0b20446f0edd4b8190b7fa6660e57cd,delivered,2017-06-18 20:15:00,2017-06-19 14:15:00,2017-06-22 14:15:00,2017-06-28 23:15:00,2017-06-30 20:15:00
oa1ec907488074572bea5f30a108ec7c,ce2a55e24b7a04573b2e245d20de42aa,delivered,2018-07-04 11:23:00,2018-07-05 02:23:00,2018-07-08 02:23:00,2018-07-14 19:23:00,2018-07-15 11:23:00
o0bff5bb557124266b75b020ba120504,cca70c7fa29da470f856074381109563,delivered,2018-06-08 15:26:00,2018-06-09 10:26:00,2018-06-13 10:26:00,2018-06-21 23:26:00,2018-06-24 15:26:00
o263f7f4fdd2e4047b0f69b1c1da7e52,c61c772479aca4cb490212248ef968cc,delivered,2018-01-29 17:32:00,2018-01-30 07:32:00,2018-02-03 07:32:00,2018-02-16 00:32:00,2018-02-18 17:32:00
o4130480147a4428aa8caf8bab72c043,c66f9efd2e68643ba87aea685403479a,delivered,2018-08-10 10:17:00,2018-08-11 13:17:00,2018-08-16 13:17:00,2018-08-13 22:17:00,2018-08-25 10:17:00
o4dd94b1392004eb5bf765f7606bc908,c9b3c4f43aa2f4163bf05d5c0d4dd147,delivered,2017-12-26 20:39:00,2017-12-27 02:39:00,2017-12-29 02:39:00,2018-01-05 08:39:00,2018-01-14 20:39:00
o6d775618631f46bf8558df761b2bf67,c8f56e2aa42764243a5a452490400bf5,delivered,2017-05-19 21:50:00,2017-05-19 23:50:00,2017-05-21 23:50:00,2017-05-25 00:50:00,2017-06-02 21:50:00
o69ac99f2c7cc405ca81302f64809431,c77bce1a6faf84a8ba3978b3c0633fa1,delivered,2018-06-12 20:17:00,2018-06-14 01:17:00,2018-06-18 01:17:00,2018-06-21 05:17:00,2018-06-27 20:17:00
of305ca2028c643f9876c10eca7624f1,c7fd1b34141a840868de88fb3b346259,delivered,2017-11-27 13:21:00,2017-11-27 18:21:00,2017-12-01 18:21:00,2017-12-01 13:21:00,2017-12-16 13:21:00
oe3d3af48ab5d4b4883009a54d5f7f48,c3eeca00461ae4b068b3b4c1909b2730,delivered,2017-06-12 13:05:00,2017-06-12 22:05:00,2017-06-15 22:05:00,2017-06-17 13:05:00,2017-06-23 13:05:00
o4c69b97bedc3496682910a1954c1e1c,c605084f3933a4d2f9575ff370e4f2e6,delivered,2017-01-10 09:44:00,2017-01-10 13:44:00,2017-01-14 13:44:00,2017-01-28 10:44:00,2017-02-02 09:44:00
o1e612970d39d4d559b6376a1c44d7b8,c0029e571fc6f47428d9e85fd82bb8ad,delivered,2017-03-12 17:36:00,2017-03-13 14:36:00,2017-03-17 14:36:00,2017-03-19 03:36:00,2017-03-24 17:36:00
o05964638195f4635a37b7dd4071a40c,c70fb36893da54be4b9b022d4893da6f,delivered,2017-09-12 17:38:00,2017-09-13 13:38:00,2017-09-14 13:38:00,2017-09-25 21:38:00,2017-09-26 17:38:00
ofdb3ccd398cc461ea9b2407dd7d0a41,c3f78fd9505594f158048c33dfc4fd76,canceled,2018-06-25 09:23:00,2018-06-25 14:23:00,,,2018-07-11 09:23:00
o238df1a35e81446491050319cc6b774,c216d35c8a18f4ffdbf8715988018f74,delivered,2018-05-29 21:26:00,2018-05-30 10:26:00,2018-06-04 10:26:00,2018-06-04 01:26:00,2018-06-09 21:26:00
o838e7ceac47e4f87abe0fe478d4159d,ce4cfae7387624912b224f77ab285d3c,delivered,2018-03-24 20:54:00,2018-03-25 04:54:00,2018-03-29 04:54:00,2018-04-15 05:54:00,2018-04-04 20:54:00
o2d87a3f767da4e8ba471ef9d1fee5ba,c8d7f479368b340c09dc4bbcdbed9260,delivered,2017-05-10 20:49:00,2017-05-11 20:49:00,2017-05-12 20:49:00,2017-05-14 01:49:00,2017-06-03 20:49:00
o53419465c3e24420814474056b8a883,cd7276c039c4142f18a77f3bef748912,delivered,2017-08-22 20:32:00,2017-08-24 00:32:00,2017-08-25 00:32:00,2017-09-10 01:32:00,2017-09-14 20:32:00
oe6f0916fb4fa4010a2a1b2aa9ee235e,c1bdb49b5540a4d50901fa4a79149650,delivered,2017-03-21 18:23:00,2017-03-22 16:23:00,2017-03-23 16:23:00,2017-04-09 18:23:00,2017-04-14 18:23:00
o81e0342148fc47d287428bd6ab0bc7d,c4352706cba6d4425b6f180b18c7eec0,delivered,2017-06-04 09:59:00,2017-06-04 17:59:00,2017-06-07 17:59:00,2017-06-18 09:59:00,2017-06-22 09:59:00
of651c7ae1c1641389b6ec7d069bc3ab,c2145a6f33fb2467a90fd7c9576f1365,delivered,2018-04-15 20:05:00,2018-04-16 13:05:00,2018-04-20 13:05:00,2018-05-07 20:05:00,2018-04-27 20:05:00
ofb2725a2ef51429cb6282e75526e664,cadafb516576a4be39b8c7b4bc2a204c,delivered,2017-07-27 11:49:00,2017-07-27 15:49:00,2017-07-28 15:49:00,2017-08-16 16:49:00,2017-08-08 11:49:00
oa62329c95acb4db7a94838cb82d12dd,ca97cbee7c5ae4e7e97ff39f6757fafa,delivered,2017-08-09 14:09:00,2017-08-09 22:09:00,2017-08-13 22:09:00,2017-08-22 18:09:00,2017-08-24 14:09:00
o83d82dd3c18a4bc5b6cd0c9631a6ae8,caf3128f211864f1192fb359f69d4fd5,delivered,2017-08-16 11:12:00,2017-08-16 23:12:00,2017-08-17 23:12:00,2017-08-27 12:12:00,2017-09-05 11:12:00
ofcadf3c366464c67a206e9ac5a6df6c,c6ddacf68a3c24748917433f874b8df1,delivered,2018-02-09 16:01:00,2018-02-10 06:01:00,2018-02-13 06:01:00,2018-02-14 20:01:00,2018-02-21 16:01:00
o8c6beb5c56d3449180a07a5ec78b3e4,c19b2b67497954026b572322338df28a,processing,2018-06-23 12:40:00,2018-06-24 06:40:00,,,2018-07-15 12:40:00
oc49ded661a6841c38576869b90d72fb,cf6f7bc8a4a6e4fe2bbaaf0cc0deb458,delivered,2017-01-27 14:38:00,2017-01-28 19:38:00,2017-01-31 19:38:00,2017-02-26 22:38:00,2017-02-18 14:38:00
o6b72ef1d51fc462d81a8ce79c76091b,cdefc435c09134d86a650e6655d39a7c,delivered,2017-06-27 11:15:00,2017-06-28 13:15:00,2017-07-01 13:15:00,2017-06-30 22:15:00,2017-07-18 11:15:00
oc7de8c2816a94c559c81eff6a010cf9,cdfcae41d58804ae9a21f10620aa3b18,delivered,2017-05-14 14:45:00,2017-05-15 16:45:00,2017-05-18 16:45:00,2017-06-09 23:45:00,2017-06-06 14:45:00
oa533e4447ba648f980aadb3577043bc,c7084b920ea7a44c5ba4a76654271585,shipped,2017-11-21 11:45:00,2017-11-22 10:45:00,2017-11-27 10:45:00,,2017-12-15 11:45:00
o06b87bfd993149f5896691e8aef9f07,c286484188df746fb8904d5599b54369,canceled,2017-07-06 18:20:00,2017-07-07 14:20:00,,,2017-07-19 18:20:00
o1699789ef09f4094b38de6d152bbaea,cd504ffbd40f24f4aa31586a26a0ac4f,delivered,2018-04-03 09:16:00,2018-04-04 08:16:00,2018-04-07 08:16:00,2018-04-07 20:16:00,2018-04-14 09:16:00
oad33d79f85134afcb08f535aa19c98f,ccd2fd8f8b0804a56beeb7eaa041b84f,delivered,2017-06-16 16:04:00,2017-06-16 18:04:00,2017-06-17 18:04:00,2017-06-20 17:04:00,2017-06-30 16:04:00
o06025fef6a964687813b126269ea627,c4a45dad812c542dd85a6669524b02b0,delivered,2017-06-18 18:56:00,2017-06-18 20:56:00,2017-06-21 20:56:00,2017-06-25 00:56:00,2017-06-29 18:56:00
of96c9f8e5bf34a628918a6b29873083,cd36a45f03c2647f98981438c996208c,delivered,2017-10-29 19:40:00,2017-10-30 02:40:00,2017-10-31 02:40:00,2017-11-05 20:40:00,2017-11-09 19:40:00
o98e7973f50284cd6868742ecd1aa049,c9ff8ae054b534083b03018d5185412f,delivered,2017-07-11 16:02:00,2017-07-12 07:02:00,2017-07-14 07:02:00,2017-07-23 16:02:00,2017-07-25 16:02:00
o3308dd4d2eb04906b30bc5aded27a34,cff3b1b379cc041b7960b548e46c1b6b,delivered,2018-08-10 12:30:00,2018-08-11 01:30:00,2018-08-12 01:30:00,2018-08-30 00:30:00,2018-09-03 12:30:00
o1f5dd93dc63a40d1b5d95033287cd5c,c687b333d918c4ce882403195024b37c,delivered,2017-07-26 19:09:00,2017-07-27 04:09:00,2017-07-28 04:09:00,2017-08-20 01:09:00,2017-08-10 19:09:00
oe83c35b4c26d4601bc7057d601f2c66,c0a60ac481f994638a6b397ad2f857e6,delivered,2017-04-19 18:49:00,2017-04-20 04:49:00,2017-04-25 04:49:00,2017-05-05 22:49:00,2017-05-12 18:49:00
o402d479c5c7d45c6ac6b64a792eb5ce,cfc186653d5904ed58f0d61b6accce7c,canceled,2017-02-20 20:30:00,2017-02-22 01:30:00,,,2017-03-07 20:30:00
oc46f5b4aed0e465f9dd57cdb5febf88,c6374413daa7246aaa97f31c51195cb3,delivered,2017-11-25 13:46:00,2017-11-26 10:46:00,2017-11-28 10:46:00,2017-12-05 00:46:00,2017-12-06 13:46:00
o8c9cb3ae6bff4fb28fd142add762243,c967a3b5b668d42faa38460fe8bd29b4,delivered,2017-06-27 12:56:00,2017-06-28 15:56:00,2017-06-30 15:56:00,2017-07-08 17:56:00,2017-07-07 12:56:00
o9f77b76684054eb4821bb25d6da01e0,c04db15a892ac4b0d8ac9fe105d206b7,delivered,2017-10-19 09:24:00,2017-10-20 13:24:00,2017-10-22 13:24:00,2017-10-29 19:24:00,2017-11-07 09:24:00
o1f1086b6b07241f58d245b08445ef95,cc72b12b6f9fe44e08864bf2249fb93d,delivered,2017-10-09 15:57:00,2017-10-10 03:57:00,2017-10-13 03:57:00,2017-10-17 01:57:00,2017-10-26 15:57:00
oba64e666e66447d5bbd4ef8fdebae8f,ce1bcb23a6fed4040be64a8f204d353b,delivered,2017-04-21 16:04:00,2017-04-22 01:04:00,2017-04-25 01:04:00,2017-05-03 02:04:00,2017-05-11 16:04:00
o74159efc87e043628fef177c19f7ae3,c1a5788fa8b864f9ea29a487725329c2,delivered,2018-02-02 20:02:00,2018-02-03 15:02:00,2018-02-05 15:02:00,2018-02-13 06:02:00,2018-02-25 20:02:00
o64713a19e1ca4615ace7abb71ba3523,ce3aa10d98fc9452dade79775f368a4a,delivered,2017-12-10 19:05:00,2017-12-11 03:05:00,2017-12-14 03:05:00,2017-12-24 00:05:00,2017-12-31 19:05:00
of82fc18ed3a242b7b620a0fd312d0bb,c7a4cdcc7fbb74ba7b1e6eb1d54da91e,delivered,2018-01-26 17:19:00,2018-01-27 21:19:00,2018-01-29 21:19:00,2018-02-22 22:19:00,2018-02-18 17:19:00
ocb4e6fab74914f51aec50d003a9ae3f,c974cad4e69154104a97beebb28b841f,delivered,2017-10-08 12:48:00,2017-10-09 07:48:00,2017-10-11 07:48:00,2017-10-13 14:48:00,2017-10-30 12:48:00
o57601c79c41d44a5937e7c9aae515a3,c7fb9a217722a42e38bfb254ab4591de,delivered,2017-01-19 19:00:00,2017-01-20 03:00:00,2017-01-23 03:00:00,2017-01-24 01:00:00,2017-02-01 19:00:00
o8586be5c9ce442169fec56ff4381ca8,c6d93be24f30146d8b12a6582e242557,delivered,2017-12-17 16:22:00,2017-12-17 22:22:00,2017-12-21 22:22:00,2018-01-15 03:22:00,2018-01-10 16:22:00
o870fa3cd9aef49238e1f0a1d6bf5e33,c2fd0faba46d64fdfa1584c68865a73f,delivered,2018-01-25 10:35:00,2018-01-26 09:35:00,2018-01-28 09:35:00,2018-01-28 14:35:00,2018-02-06 10:35:00
o5197e5074a5448e1a6fc0a65223b908,c08f4b08d520c4b4d96572e23effbd41,delivered,2017-07-23 18:12:00,2017-07-24 21:12:00,2017-07-26 21:12:00,2017-08-01 22:12:00,2017-08-10 18:12:00
ob6c9c7cce7ca40e090a58c4d15e49ec,cc3e51b852fb946e990bd62418968495,delivered,2017-06-02 10:49:00,2017-06-03 10:49:00,2017-06-04 10:49:00,2017-06-12 17:49:00,2017-06-23 10:49:00
o8362b9d147d94ab28274d899b14b5be,c05cff138fb5744b8972a65a9b950b28,delivered,2017-04-06 14:52:00,2017-04-06 18:52:00,2017-04-10 18:52:00,2017-04-13 20:52:00,2017-04-22 14:52:00
o34642039070648be8760dafe65b8085,cb5a90b1f922c4a63a9ced3c7502ac13,delivered,2018-05-10 21:36:00,2018-05-11 03:36:00,2018-05-15 03:36:00,2018-05-14 07:36:00,2018-05-29 21:36:00
o86893b5c3d624e4eab27b1e059910de,cd522442a7e0c4b34adeabe2f7394e68,delivered,2018-06-16 17:44:00,2018-06-16 21:44:00,2018-06-18 21:44:00,2018-06-30 03:44:00,2018-07-02 17:44:00
o665a4c75a0074fa3bf04dd9723f49e9,ceab15fbaf6c540c9957ab009dd06128,shipped,2017-11-25 12:21:00,2017-11-25 14:21:00,2017-11-27 14:21:00,,2017-12-13 12:21:00
oe7c174e9a5934a788b745cbf42312d0,cae13ce7e581041d395e977a03480206,delivered,2017-05-02 16:47:00,2017-05-02 20:47:00,2017-05-06 20:47:00,2017-05-27 16:47:00,2017-05-18 16:47:00
o86b638f5560449d3acb569aad92bc18,cd5db77848d6147e78a87cbaf255a1b8,delivered,2018-01-08 20:28:00,2018-01-09 21:28:00,2018-01-11 21:28:00,2018-02-04 06:28:00,2018-01-28 20:28:00
o3855906ae59742ddbb6d235d160f1e4,c1ba6b2748c3c429f8c341eaf10c10cc,delivered,2017-02-17 19:53:00,2017-02-17 23:53:00,2017-02-21 23:53:00,2017-03-11 03:53:00,2017-03-11 19:53:00
o8595065a97f34f22a86b3c9ff606899,c0f03a0c8bbf04d64a0aa1c4c69b84de,delivered,2017-05-12 10:24:00,2017-05-13 06:24:00,2017-05-16 06:24:00,2017-05-27 16:24:00,2017-06-05 10:24:00
o21d1842230044544b32133d95040cc6,c807cac0221104352a669813747057ec,delivered,2017-08-03 18:45:00,2017-08-04 06:45:00,2017-08-06 06:45:00,2017-08-26 20:45:00,2017-08-27 18:45:00
odb1d323e050f406ba30a217b5419952,ce42c78e241c048bba75df4919446cd5,delivered,2018-06-20 10:01:00,2018-06-20 12:01:00,2018-06-21 12:01:00,2018-06-28 14:01:00,2018-07-10 10:01:00
of4c3ac174a784c6a9b130e7a212dafe,ce6212e80e5704672b1b56fde0fbdf2d,delivered,2017-09-01 17:50:00,2017-09-02 16:50:00,2017-09-03 16:50:00,2017-09-10 23:50:00,2017-09-15 17:50:00
ob7ba442452ee4cbc829d01ddfbcc0f2,c220bb1eb204349eca84e9fc0e4d6c44,delivered,2018-04-05 11:43:00,2018-04-05 17:43:00,2018-04-10 17:43:00,2018-04-27 17:43:00,2018-04-26 11:43:00
o4c445b868a5342d68c2b53315a3a503,c769f18b8d05d48d9a3562baab3452ea,delivered,2018-05-18 21:36:00,2018-05-19 00:36:00,2018-05-22 00:36:00,2018-05-27 05:36:00,2018-06-09 21:36:00
off47dd95f1704d219d65e8cc38e4e76,ce98dee71cd314ecd86f92f02a16ad9d,delivered,2018-07-29 21:41:00,2018-07-30 19:41:00,2018-08-03 19:41:00,2018-08-12 06:41:00,2018-08-13 21:41:00
oef082fd43b0c419db5aedcb5d9da523,cd196fde870314ffba6ded9fb06dbf13,unavailable,2017-11-25 17:05:00,2017-11-25 23:05:00,,,2017-12-17 17:05:00
o933266fc8c374776a7c653176ec4643,c3181b356b2d3492dabef159c6f5f7c6,delivered,2017-03-15 20:43:00,2017-03-16 11:43:00,2017-03-19 11:43:00,2017-04-07 20:43:00,2017-04-05 20:43:00
o6f4015ccea3e4f0496e518247abc868,cba1222eb51104b489cf8b14ea6d6b46,delivered,2018-07-02 09:41:00,2018-07-02 12:41:00,2018-07-07 12:41:00,2018-07-26 14:41:00,2018-07-24 09:41:00
o78e1efaa1ea24a0cb1e8ff3bf0a811b,c2ad1631845d4484082da57a4ef0a404,delivered,2017-05-28 13:43:00,2017-05-29 15:43:00,2017-06-01 15:43:00,2017-05-31 21:43:00,2017-06-20 13:43:00
oa48ffc2deef4428aa7fe2e58b0e832d,c8447fa1927864415b95417b7782ce98,delivered,2017-07-08 12:39:00,2017-07-08 19:39:00,2017-07-10 19:39:00,2017-07-12 00:39:00,2017-07-19 12:39:00
o17d557a402774fc3bc0d7fdbe29ba9e,c0af118d57b974cfaa3a88ec8b9dafee,delivered,2018-08-22 11:36:00,2018-08-23 13:36:00,2018-08-27 13:36:00,2018-09-12 14:36:00,2018-09-06 11:36:00
o2d438aeecdbc44ae918552e8daea89c,c5ec1144706f948cabb5abe28f13c8fe,delivered,2017-09-27 20:56:00,2017-09-28 20:56:00,2017-09-29 20:56:00,2017-10-01 05:56:00,2017-10-08 20:56:00
o1d2e5944beb14a5fb8e443eb8252071,c82695c62399243ff868d1f61a996128,delivered,2017-05-18 16:32:00,2017-05-19 05:32:00,2017-05-24 05:32:00,2017-06-07 04:32:00,2017-06-02 16:32:00
o6ac826588b904503854cdd19f364b19,c398b491f81be488883af5ff24f28892,delivered,2018-02-02 16:58:00,2018-02-02 18:58:00,2018-02-05 18:58:00,2018-02-22 02:58:00,2018-02-12 16:58:00
obc10e8dddf78423f869c6e6c74029cb,c9d2b5dfb72334952a78e1cf2f38522c,delivered,2017-01-07 17:56:00,2017-01-07 23:56:00,2017-01-08 23:56:00,2017-01-14 20:56:00,2017-01-20 17:56:00
o2ac993497a5a4a28b2fde5e0cc342ef,cd1d44df2584e4998b60147c7f21d492,delivered,2018-02-25 09:15:00,2018-02-26 04:15:00,2018-02-28 04:15:00,2018-03-25 09:15:00,2018-03-16 09:15:00
o9f26174bf359437c8bfb356d8c204a8,ce89316bf75c44916a40bd7670b3dcb5,delivered,2018-05-09 11:14:00,2018-05-10 07:14:00,2018-05-15 07:14:00,2018-05-14 20:14:00,2018-05-21 11:14:00
o89fce966b6ce47568b09343b613dd7e,c3c32e7f7875e465ca3c001de42ae5a7,delivered,2017-06-03 18:06:00,2017-06-04 23:06:00,2017-06-09 23:06:00,2017-07-02 02:06:00,2017-06-22 18:06:00
o24ed16852eb2481d9ac644fbba5e0bb,c39a059cc5ecf4a37a0123b47af61081,delivered,2017-12-25 18:51:00,2017-12-26 19:51:00,2017-12-31 19:51:00,2018-01-20 22:51:00,2018-01-17 18:51:00
o0fad60fe2a4445eba745dd9b452600c,cb9610876a4894424838398f902a1798,delivered,2017-11-20 15:23:00,2017-11-21 05:23:00,2017-11-26 05:23:00,2017-12-07 00:23:00,2017-12-10 15:23:00
o45461c5b484245b6b91eec88e26c4ec,c3d1f25b2da284db79ec83455245833b,delivered,2018-02-12 20:08:00,2018-02-13 18:08:00,2018-02-15 18:08:00,2018-02-17 21:08:00,2018-02-23 20:08:00
o90a7ca806c0141b8b9e61b52e1c5814,c63e1978358a14f689845dd1429dfb1a,delivered,2018-04-28 18:27:00,2018-04-29 03:27:00,2018-05-02 03:27:00,2018-05-13 05:27:00,2018-05-11 18:27:00
o289a3e1612dc44bdb709cb02eae8576,c55341d9b0d6d4071b7b3f56c5b9ec4f,delivered,2017-07-19 09:50:00,2017-07-20 02:50:00,2017-07-22 02:50:00,2017-07-23 14:50:00,2017-08-09 09:50:00
o3e19a2e7d35f4763a736139114c09e0,cd3700741488c41ddac81ee80077ab38,delivered,2018-07-17 13:46:00,2018-07-18 19:46:00,2018-07-21 19:46:00,2018-07-28 16:46:00,2018-08-05 13:46:00
o0c7ba0cc313244beaf0f3607572671e,c0f322f33b6dd455898193440cff786f,delivered,2018-07-05 21:36:00,2018-07-06 12:36:00,2018-07-11 12:36:00,2018-07-12 09:36:00,2018-07-21 21:36:00
offedf1bf90aa44d08d7646d3ff80558,c8ec3e2e0382449468fd337850b137db,delivered,2017-11-20 15:22:00,2017-11-20 16:22:00,2017-11-23 16:22:00,2017-11-25 21:22:00,2017-12-11 15:22:00
oed588825ddd644fb96db1b36479d198,c3f475ac156554d0dbdcb073eb4170f4,delivered,2017-07-24 12:47:00,2017-07-24 21:47:00,2017-07-26 21:47:00,2017-07-30 21:47:00,2017-08-06 12:47:00
of21b210cafd643e6aa71bc1b8b25f9c,c6ad4e623255d4e319fc0e3a2c2c5262,delivered,2018-05-20 18:55:00,2018-05-21 00:55:00,2018-05-26 00:55:00,2018-05-31 06:55:00,2018-06-11 18:55:00
o162ad88b1f6d4be0b6cf9536a44731d,cff266425834b4361b1f67b0cf20d7b4,delivered,2017-11-20 20:00:00,2017-11-21 03:00:00,2017-11-26 03:00:00,2017-12-13 05:00:00,2017-12-06 20:00:00
o5230a5c450d543ae9e09f3d38e33477,c1b61d67092bc411294b882a5b92cb71,delivered,2018-08-13 19:14:00,2018-08-14 19:14:00,2018-08-16 19:14:00,2018-08-22 22:14:00,2018-08-27 19:14:00
oc34f2fa5c4a942919d69a2fb09cbd63,c47802e8b8e194ca7b647fd27db286dd,delivered,2018-02-12 10:44:00,2018-02-12 17:44:00,2018-02-15 17:44:00,2018-02-18 17:44:00,2018-03-07 10:44:00
o5196519a86974c3e9798e235de202a2,c46d1b627b59a43149d5bab26623a9da,delivered,2017-12-30 14:43:00,2017-12-31 15:43:00,2018-01-04 15:43:00,2018-01-14 23:43:00,2018-01-20 14:43:00
oaa4166372b7040d9a9bedc151a0a4aa,c91686995a26e48f08ed63c654ba9745,delivered,2017-11-21 19:18:00,2017-11-22 15:18:00,2017-11-26 15:18:00,2017-12-09 07:18:00,2017-12-11 19:18:00
o68f8d7e5e6e54284b41e29001be5591,ce6b2df1f41814631b72a7a1fd2ac1e6,delivered,2017-06-20 15:06:00,2017-06-21 21:06:00,2017-06-25 21:06:00,2017-06-24 03:06:00,2017-07-14 15:06:00
o9b469c2d7c79411ba805d4efeb6877b,c7fcbd81cf7be46489bc193c17b42d0e,delivered,2018-06-24 11:01:00,2018-06-24 23:01:00,2018-06-27 23:01:00,2018-07-11 19:01:00,2018-07-17 11:01:00
ofe1d97e02b2c476e99b5a68d671bfc3,c3801a9c3dc7f4c3895ba86b97d8b8a2,delivered,2017-06-09 13:00:00,2017-06-10 16:00:00,2017-06-12 16:00:00,2017-06-27 21:00:00,2017-07-01 13:00:00
o492e2d6645144de4a50f8020653c15d,c200521abe26846c799711bee4d70d2b,delivered,2018-02-09 12:10:00,2018-02-10 09:10:00,2018-02-14 09:10:00,2018-02-13 18:10:00,2018-02-25 12:10:00
of148864dd68c41b2a11395742ec9bed,c1fc76e364e664d739f5a8ec962cc0b3,delivered,2017-10-24 10:40:00,2017-10-25 01:40:00,2017-10-30 01:40:00,2017-11-01 10:40:00,2017-11-07 10:40:00
o5d97281aa88d477fabec57afa7e5dbd,c98b3337329ff43e984b8370ca21f5aa,delivered,2017-11-16 21:51:00,2017-11-17 09:51:00,2017-11-18 09:51:00,2017-12-03 09:51:00,2017-12-03 21:51:00
o42caf361a5e8430cb6fb5aa87c359b5,c3c49776efaec4fd6aee00fd63059e76,delivered,2018-06-18 19:13:00,2018-06-19 17:13:00,2018-06-22 17:13:00,2018-07-14 19:13:00,2018-07-02 19:13:00
o06df941860d2474b952f2bf85587edf,c41d37246998841fdaa648eb67e0631e,delivered,2018-02-10 21:15:00,2018-02-10 23:15:00,2018-02-14 23:15:00,2018-02-18 02:15:00,2018-03-01 21:15:00
oa20f468edc5b4e23b94f797c026e470,cdc871dfa05fe488cb2c2f491a29cf08,delivered,2018-03-26 20:12:00,2018-03-27 09:12:00,2018-03-29 09:12:00,2018-03-30 03:12:00,2018-04-10 20:12:00
oc68b8872f69b4d248991a99b7e1f7d7,cfe1f4726a35a4b07b9a0675c792ba10,delivered,2017-10-30 13:34:00,2017-10-30 14:34:00,2017-11-04 14:34:00,2017-11-07 13:34:00,2017-11-21 13:34:00
o7fdcc6c0bde84407982ef15256f4854,ceaf5fd74831e4f9dbb792310e64bc17,delivered,2017-11-27 15:41:00,2017-11-27 19:41:00,2017-11-28 19:41:00,2017-12-18 17:41:00,2017-12-15 15:41:00
o1bf3010bdae1462db92fc3a5c89cf43,c1cee3e61cfad4b90884bdd64e6f1079,delivered,2018-05-19 10:29:00,2018-05-19 12:29:00,2018-05-24 12:29:00,2018-05-28 15:29:00,2018-06-03 10:29:00
o44e4371d7f1e428ebd4a8324c2fe876,cddc60018324c47c2acd4c443c6693f3,delivered,2018-07-26 20:35:00,2018-07-27 00:35:00,2018-08-01 00:35:00,2018-08-13 07:35:00,2018-08-17 20:35:00
o5a44f75abe284ef6ad970dc56fb2f02,c007099b57eac41d9ad48f5a2ada0222,delivered,2018-07-18 14:54:00,2018-07-19 15:54:00,2018-07-23 15:54:00,2018-07-31 23:54:00,2018-08-07 14:54:00
o1bebfd3353504f2fa9786174fbae7e0,c0764daff96cb4f288db7fa4eee964a8,processing,2017-01-17 17:08:00,2017-01-18 03:08:00,,,2017-01-27 17:08:00
o95999b007ea744a7a73ff536e41c488,cd89462c626b64ca898e92e99804d6a8,delivered,2017-04-07 09:29:00,2017-04-07 14:29:00,2017-04-10 14:29:00,2017-04-13 12:29:00,2017-04-21 09:29:00
o504ae8c0ea3840859ef0d3495c23f6a,c53a362004e8647c4afe6451d07a088f,delivered,2017-11-04 09:46:00,2017-11-04 22:46:00,2017-11-05 22:46:00,2017-11-12 14:46:00,2017-11-15 09:46:00
oab81752f20cc4ae8a65b7d886db8b3d,c08d036c0675e428c83fc8b9ccbf54f8,delivered,2017-12-01 17:44:00,2017-12-01 19:44:00,2017-12-05 19:44:00,2017-12-20 18:44:00,2017-12-21 17:44:00
of805cf0c63d14a0db9b704c16292ce7,c105bc2313503444f88d444c20472eee,delivered,2017-05-19 16:35:00,2017-05-20 05:35:00,2017-05-25 05:35:00,2017-06-07 19:35:00,2017-06-08 16:35:00
o68a9a3eef58f41e780d1c7e28fab6ec,c1d32d81da381466e8fb3eb974080eac,delivered,2017-11-09 11:22:00,2017-11-10 13:22:00,2017-11-15 13:22:00,2017-11-27 14:22:00,2017-11-26 11:22:00
oab3d18c8f4134159b08df7c3d7458cb,c6e6ab65b3c824d178080fb88fde895b,delivered,2017-11-09 16:30:00,2017-11-09 23:30:00,2017-11-14 23:30:00,2017-11-30 00:30:00,2017-11-30 16:30:00
o953eb45034a84fc9acccfa717c77675,c1c871a871bf94a40881b4d86fd2eb05,delivered,2017-03-10 15:42:00,2017-03-11 19:42:00,2017-03-14 19:42:00,2017-03-13 19:42:00,2017-04-03 15:42:00
ocd3f26fec063402bbf63f3b3c932d9e,ca8e815caaa884ccaabbe65338d2beaa,delivered,2017-12-08 16:25:00,2017-12-08 17:25:00,2017-12-11 17:25:00,2017-12-15 19:25:00,2017-12-23 16:25:00
o9a84927a7ff04ef2b1bba0be7489c2a,c43401a4d7fa94bfc921b9282371e91e,delivered,2018-03-04 12:36:00,2018-03-04 22:36:00,2018-03-09 22:36:00,2018-03-24 14:36:00,2018-03-28 12:36:00
ob39ddb3e7567430398a6220e815c395,c676b39f6683a445a9230fb3f34c5b0f,delivered,2017-11-22 10:35:00,2017-11-23 10:35:00,2017-11-25 10:35:00,2017-11-27 21:35:00,2017-12-03 10:35:00
obc6b88a359c340b4992988180207f2a,cab5214d8ef2d400bad1e750cd4c10ba,delivered,2017-05-15 11:01:00,2017-05-16 07:01:00,2017-05-19 07:01:00,2017-05-25 20:01:00,2017-06-03 11:01:00
oa67c9037f2d94e77af9846293ec4962,cbea6c62f1a864e909f038b662e8fa1e,delivered,2017-05-21 11:12:00,2017-05-22 01:12:00,2017-05-23 01:12:00,2017-06-06 14:12:00,2017-06-12 11:12:00
of631a6b5a30b4815914074e7c3120e3,cfff9e83a037742a49f94629e5111fc7,delivered,2018-02-08 18:47:00,2018-02-09 12:47:00,2018-02-10 12:47:00,2018-02-19 01:47:00,2018-02-26 18:47:00
of36ef8364ca94ccd8630da9c52c57b7,c75e922584fb546229d46995e3b19b15,delivered,2017-06-20 15:18:00,2017-06-20 17:18:00,2017-06-25 17:18:00,2017-07-08 01:18:00,2017-07-11 15:18:00
o70a0ac78fff647a88669ce3b5867645,cda5381b409894fb6af3b78bbecac66d,delivered,2018-04-11 10:16:00,2018-04-12 07:16:00,2018-04-14 07:16:00,2018-04-17 11:16:00,2018-05-05 10:16:00
odb480b6deeb34187a84ce82270bd098,cdcfd95b1a607484593249b50f10d96f,delivered,2017-12-10 18:55:00,2017-12-10 23:55:00,2017-12-12 23:55:00,2017-12-14 00:55:00,2017-12-22 18:55:00
oe61d2e1608aa4db3b5aba8f10c8a769,c9adaff7cc9314aecace3142f6d96275,delivered,2018-05-21 12:13:00,2018-05-22 04:13:00,2018-05-26 04:13:00,2018-06-02 21:13:00,2018-06-07 12:13:00
o1dc157b9a78d4a67a35a2d389b907c0,c6bde4bf14511456bb512da2c77702cb,delivered,2017-12-06 10:03:00,2017-12-06 16:03:00,2017-12-09 16:03:00,2017-12-17 12:03:00,2017-12-18 10:03:00
o38fb39ae0d4644b7bb6bde46e85361a,c0ab072a61ccb4ef5a72343f636954e8,shipped,2017-04-22 18:46:00,2017-04-23 11:46:00,2017-04-27 11:46:00,,2017-05-03 18:46:00
od02302bd9e284a0da17e416f6aac0e0,cb8e9273247bb4a0c9e652d01931b530,delivered,2018-05-20 21:11:00,2018-05-21 05:11:00,2018-05-24 05:11:00,2018-05-23 22:11:00,2018-06-10 21:11:00
od65065d4aae7428499e6ddc4ef58ed2,c5847632d2ca048f79aad48224efd71d,delivered,2017-10-16 13:50:00,2017-10-16 23:50:00,2017-10-21 23:50:00,2017-10-19 14:50:00,2017-11-03 13:50:00
od68833ac9d2a455eb885810ebeeaaaa,c03d22a0c46f94084931eada50c001dd,delivered,2017-05-20 16:09:00,2017-05-21 21:09:00,2017-05-26 21:09:00,2017-06-07 04:09:00,2017-06-12 16:09:00
oae7931f90c014df08a9cc9f109a9acc,c0aa108c15a4c4d3bae5f1b357e9b2c0,delivered,2018-07-02 11:36:00,2018-07-02 17:36:00,2018-07-03 17:36:00,2018-07-14 22:36:00,2018-07-21 11:36:00
oa76e4778d87a45369b58c96a517418d,c99fa6c080571456ebe9a70f853bf9d0,delivered,2018-06-03 09:51:00,2018-06-04 02:51:00,2018-06-06 02:51:00,2018-06-13 20:51:00,2018-06-15 09:51:00
o438ddc6d0ee345218606a790aaec3b2,c17ced4259aa14d76a31dd0ef8963563,delivered,2017-12-08 16:56:00,2017-12-09 09:56:00,2017-12-12 09:56:00,2018-01-05 02:56:00,2017-12-30 16:56:00
oa7eaf3f5f22e483e98e4b6506178cc2,cdca11ef934ab4c78900b9aff2fe6df9,delivered,2018-07-10 14:35:00,2018-07-10 19:35:00,2018-07-13 19:35:00,2018-07-18 15:35:00,2018-07-31 14:35:00
o1b94f42d027f4641b869503e6509710,c6f9d20fea8b24cec9de7d8037c6467f,delivered,2017-12-31 13:21:00,2018-01-01 12:21:00,2018-01-06 12:21:00,2018-01-30 22:21:00,2018-01-22 13:21:00
o04032cb72f0d4552b83935ec30c0666,c5ff6ccf21c73438798857cc3f6e4ee5,delivered,2018-01-08 15:11:00,2018-01-09 13:11:00,2018-01-12 13:11:00,2018-01-11 16:11:00,2018-01-23 15:11:00
o8a5dd80ec4274db49f147024975ea2b,c5c5ff73e4fb24b588eb2676f96d6e09,delivered,2018-07-24 19:04:00,2018-07-25 13:04:00,2018-07-29 13:04:00,2018-07-31 04:04:00,2018-08-10 19:04:00
oee1a8b8e924341bab31e800b4ad6bf3,cbb0b590f9f404a91aa7af27d1161417,delivered,2017-06-27 19:42:00,2017-06-29 01:42:00,2017-07-04 01:42:00,2017-07-04 04:42:00,2017-07-18 19:42:00
o180eaa83834247fbabf0530598c2ff1,cc65fd7256ad6405ea6a98fcd3afdf2d,delivered,2018-05-22 19:42:00,2018-05-23 02:42:00,2018-05-25 02:42:00,2018-05-26 07:42:00,2018-06-14 19:42:00
of073fedb9e0b4203aafa902c686bab6,c8efaa8fcf21e4dfc8b987a23c394d2e,delivered,2017-04-02 18:00:00,2017-04-03 11:00:00,2017-04-05 11:00:00,2017-04-05 23:00:00,2017-04-18 18:00:00
o4d4e6eb7c3984928964e598d783e01f,cdeb5ddbf910242e68cbffa9fb3968af,delivered,2017-06-27 16:08:00,2017-06-28 05:08:00,2017-07-01 05:08:00,2017-07-04 20:08:00,2017-07-20 16:08:00
o3b79b84a3a984bdfbad4a8f530db571,ce82fa971265943dfbccada4c45629c9,delivered,2018-07-20 16:24:00,2018-07-20 22:24:00,2018-07-25 22:24:00,2018-08-14 03:24:00,2018-08-05 16:24:00
o087ace81d52d487dbe79c96f38e46c2,ca8d7a143cea9426ab4629b9a03cf39d,delivered,2017-05-26 20:46:00,2017-05-28 00:46:00,2017-05-31 00:46:00,2017-06-01 04:46:00,2017-06-17 20:46:00
o2e145e83f58b45b3a47266dec8b3c0a,cbc7dd22b637a45709fcba025e4024bf,delivered,2018-03-08 14:51:00,2018-03-08 20:51:00,2018-03-13 20:51:00,2018-03-17 02:51:00,2018-03-18 14:51:00
o45f44d862ce34a5f8aa4c2685f58f9d,cfa3994bc059c44bfabfacb036bc9183,delivered,2017-09-16 11:39:00,2017-09-17 15:39:00,2017-09-18 15:39:00,2017-09-28 13:39:00,2017-09-30 11:39:00
odb15c7925a934a50b6b6a3e0ca930b1,cb9adf0dbe75f468fa00484f540d3937,delivered,2018-02-27 21:24:00,2018-02-28 12:24:00,2018-03-02 12:24:00,2018-03-13 21:24:00,2018-03-20 21:24:00
o75d1ed77f6974ccca343118422c90be,c7c3fc4553b914cd39091f358eed7322,delivered,2018-06-28 15:00:00,2018-06-29 17:00:00,2018-07-03 17:00:00,2018-07-10 01:00:00,2018-07-15 15:00:00
oc399cdcbfc064f6baf58a678e829f42,c077da34e7e6f4384b52da7525743f6d,delivered,2017-11-17 17:00:00,2017-11-18 20:00:00,2017-11-19 20:00:00,2017-11-22 03:00:00,2017-11-28 17:00:00
o724d03dbc2be4e6eb32ee7bbc299ae4,c8375f3c7d1834fc69cefcc823a7e3ed,delivered,2017-05-03 10:54:00,2017-05-03 23:54:00,2017-05-08 23:54:00,2017-05-11 11:54:00,2017-05-23 10:54:00
ob00396c0785d4e0eae88d7541709507,c6ecb4b41585541f68af52c23ceeb54c,delivered,2017-06-15 21:04:00,2017-06-15 23:04:00,2017-06-19 23:04:00,2017-06-19 01:04:00,2017-07-01 21:04:00
o9460f9d25b884401a606e074f872657,c9c353aa152ef4a369ffa8092524944d,delivered,2018-04-02 09:57:00,2018-04-03 06:57:00,2018-04-04 06:57:00,2018-04-17 13:57:00,2018-04-22 09:57:00
o5c4c8dc7ee924fffb456e24ec72cbe6,c0437bb4dbb4e42a6bac9d9586cfb504,delivered,2017-01-04 15:44:00,2017-01-05 07:44:00,2017-01-10 07:44:00,2017-01-12 20:44:00,2017-01-15 15:44:00
oc6559eb6b0174b63a72299c1df58634,cef0212603cbe4bd7a6f24a1c295a3b9,shipped,2017-06-30 17:02:00,2017-07-01 15:02:00,2017-07-04 15:02:00,,2017-07-13 17:02:00
o508895d0c041446e837c785f9a2e398,c4c341695aa1b45418a20e504368c67f,delivered,2017-01-26 20:37:00,2017-01-27 09:37:00,2017-02-01 09:37:00,2017-02-06 04:37:00,2017-02-06 20:37:00
obefab19d84cf4532a2864b350f6aa0c,cd8f089a1878145a3882757be4e3dfc4,delivered,2018-04-28 18:02:00,2018-04-29 15:02:00,2018-04-30 15:02:00,2018-05-01 22:02:00,2018-05-10 18:02:00
of3ba20474d0d43dfaf42bbd4458bb4d,c63f4cf45dfae40fb803ae9aaef57ce5,delivered,2017-11-29 10:43:00,2017-11-29 15:43:00,2017-12-01 15:43:00,2017-12-11 12:43:00,2017-12-14 10:43:00
od192d34ec607407ca59554c887451f5,c5e9428692420466ba2fafda63828dc7,delivered,2017-06-11 09:56:00,2017-06-11 10:56:00,2017-06-13 10:56:00,2017-06-19 19:56:00,2017-06-21 09:56:00
o3291a021da10402d83918e6149b96fc,c1631cd6562d14d1388ea8cd3c4f4420,delivered,2017-07-04 20:31:00,2017-07-04 23:31:00,2017-07-07 23:31:00,2017-07-08 04:31:00,2017-07-24 20:31:00
o63f713fe4c694e6292847ee4350ba4e,c8bd23cbc3c3a4ecc9632e511a24338f,delivered,2017-07-18 10:50:00,2017-07-19 14:50:00,2017-07-23 14:50:00,2017-07-26 20:50:00,2017-08-11 10:50:00
ofc5959bc2b544a81b7d19402fb0f656,c24ab93ae3eae4b00b97b489420c77cf,delivered,2017-03-14 12:46:00,2017-03-15 07:46:00,2017-03-19 07:46:00,2017-03-27 17:46:00,2017-03-29 12:46:00
ofe300cf0452d453481993c0e16a3674,caef345a954df45449e9c7798ae55a6b,delivered,2018-04-11 11:24:00,2018-04-12 02:24:00,2018-04-14 02:24:00,2018-04-22 14:24:00,2018-05-02 11:24:00
o2cf2f1cc2cac4899809e579c9a9bd16,cbe39223b40e1404db3f6b49faf9474f,delivered,2018-08-15 17:54:00,2018-08-16 07:54:00,2018-08-21 07:54:00,2018-08-25 02:54:00,2018-09-07 17:54:00
o16bcb27b4beb49fe8239ac520d72ecb,c7ca91085f7ff4faab26022054934b3a,processing,2018-03-04 09:02:00,2018-03-05 09:02:00,,,2018-03-26 09:02:00
o403e375d00324bf085317df113476bd,c64cf0118edd44552ba0c3af0cebe482,delivered,2018-02-21 12:08:00,2018-02-21 20:08:00,2018-02-22 20:08:00,2018-03-24 16:08:00,2018-03-13 12:08:00
o7e8f899dbf484945903e832d57d22d2,cd1c659150b264164a3a43f4c83b55dc,delivered,2017-03-14 15:57:00,2017-03-15 08:57:00,2017-03-18 08:57:00,2017-03-20 02:57:00,2017-03-24 15:57:00
o14de6f7d59c144a0b9f4df9c9a801fe,cafa9ff41e6774a3096568637c4429f8,delivered,2018-07-29 20:49:00,2018-07-30 07:49:00,2018-08-04 07:49:00,2018-08-20 07:49:00,2018-08-11 20:49:00
o566bdce9c4e741519eb5eb2fea74ff6,c6624da29aeca4034a46a29913962d9b,unavailable,2018-01-12 21:43:00,2018-01-13 23:43:00,,,2018-02-05 21:43:00
o266221164eea4bc190d2d6d7cd5620b,ce9923181c13d4d75bf77dcefe4b654a,delivered,2017-10-23 10:06:00,2017-10-23 14:06:00,2017-10-25 14:06:00,2017-11-01 18:06:00,2017-11-13 10:06:00
ob5a0e0ce8136473bac4ce9f83f07f0c,c943b6d3e0ca3404a91b5ce0c02bf352,delivered,2018-05-13 18:42:00,2018-05-14 21:42:00,2018-05-18 21:42:00,2018-05-25 20:42:00,2018-05-31 18:42:00
oebb4cd04b2074a1da206833d0cf0a8d,c1146cbcfd6b642db96fa6eca0d113ac,delivered,2017-06-15 12:07:00,2017-06-15 23:07:00,2017-06-17 23:07:00,2017-06-29 14:07:00,2017-07-04 12:07:00
oafb98458b97f499abc2b9d0da93b75a,c8073573e149442fa8a6b825b0bcdb59,delivered,2018-04-15 14:09:00,2018-04-16 14:09:00,2018-04-21 14:09:00,2018-04-29 18:09:00,2018-05-03 14:09:00
oc7a71a589d5e422b8489d89ace29800,c688bd0dc6df5400ba780d495d23f604,delivered,2017-11-12 09:25:00,2017-11-12 17:25:00,2017-11-15 17:25:00,2017-11-30 18:25:00,2017-11-29 09:25:00
oc9a350a18acf4c2ea664719462aa8c1,c4c5b28406a5c445e9620786971b5069,delivered,2018-06-08 09:58:00,2018-06-08 22:58:00,2018-06-12 22:58:00,2018-06-16 09:58:00,2018-06-20 09:58:00
of6b97b1a64f64f899f959f2c0139271,c08cb12beba414ebfba5eb1e92b15a0b,delivered,2018-03-01 11:53:00,2018-03-01 14:53:00,2018-03-03 14:53:00,2018-03-12 16:53:00,2018-03-13 11:53:00
o483eb69552184dd080bb624a99ecdc2,c321ecd8832f04748a943be3b2904d6a,delivered,2018-01-26 13:35:00,2018-01-27 16:35:00,2018-01-30 16:35:00,2018-02-07 20:35:00,2018-02-18 13:35:00
o3f7676076d994a499c0e77a0f0155c8,ca3a58a2eed4a41eeb644a90bd23595b,delivered,2017-01-30 10:48:00,2017-01-30 13:48:00,2017-02-02 13:48:00,2017-02-15 14:48:00,2017-02-18 10:48:00
o44a65bcc0a9b4832a1b5f35f4da2ba6,c0ded02dbd43647a5af444f60d356648,delivered,2018-01-01 11:03:00,2018-01-02 01:03:00,2018-01-05 01:03:00,2018-01-26 19:03:00,2018-01-21 11:03:00
oa37cc5c9a0064398afee6b5ffc84970,c63f3040ee2e84ac2b8303a69ae7a6bf,delivered,2017-10-05 19:44:00,2017-10-05 23:44:00,2017-10-10 23:44:00,2017-10-10 19:44:00,2017-10-23 19:44:00
o7810117bb66249d787b75e20ff67d1a,cce12c192b6df489e9e425521eeaf658,delivered,2018-03-04 16:58:00,2018-03-05 19:58:00,2018-03-06 19:58:00,2018-03-12 03:58:00,2018-03-16 16:58:00
o1713ce94c2064a67a351bc5d9e995fc,c5fd56987117c4b89bfcd88a51280d52,delivered,2017-08-03 11:05:00,2017-08-04 12:05:00,2017-08-05 12:05:00,2017-09-02 23:05:00,2017-08-25 11:05:00
o684531f07c524494982ed33a4fcc2eb,c650aeeda59da47b7a3a7c562306267a,delivered,2017-07-24 11:42:00,2017-07-24 14:42:00,2017-07-27 14:42:00,2017-08-01 16:42:00,2017-08-05 11:42:00
off4e2a9a86174f4695cab28dd93719a,cbb86f121994143068f29022a27ed9a2,delivered,2018-07-05 09:46:00,2018-07-05 16:46:00,2018-07-10 16:46:00,2018-07-23 14:46:00,2018-07-29 09:46:00
o9a1cf03f037e4e8fab90cf5068df7f5,c5aed01c8efec4f6ea15faeefe4b6794,delivered,2018-04-23 10:33:00,2018-04-24 11:33:00,2018-04-27 11:33:00,2018-04-26 11:33:00,2018-05-08 10:33:00
o231577805fd6419da46e84181cf66df,c5a04e9a3d6704befb1d76eb126d64e6,processing,2018-01-12 11:00:00,2018-01-13 03:00:00,,,2018-02-01 11:00:00
oad5ff54d79054821bead88f2cabbe05,ca18f5f0868bf43b5a261fab1c6fa343,delivered,2018-01-08 12:21:00,2018-01-09 16:21:00,2018-01-10 16:21:00,2018-01-17 23:21:00,2018-01-24 12:21:00
o4c816f23f7fd4517b8a5c4b2616828b,c0306c5442b6c4888abeaa69ea1e9274,delivered,2017-04-21 10:16:00,2017-04-21 18:16:00,2017-04-23 18:16:00,2017-05-23 10:16:00,2017-05-11 10:16:00
obb407400040e4a0e9c82ed7eddc8f86,c01e9f6ebc3374393915a77ecc48429c,delivered,2018-06-01 13:34:00,2018-06-02 17:34:00,2018-06-07 17:34:00,2018-06-20 19:34:00,2018-06-19 13:34:00
od70823c239454d5aafaf45c5e8c4b86,cf4a6b5f9dd8841f4ae5dc2648788df1,delivered,2018-07-22 19:34:00,2018-07-23 11:34:00,2018-07-25 11:34:00,2018-07-31 23:34:00,2018-08-09 19:34:00
o41e7a47e9a2f4f8f80abac163651481,c7d56b7712b784ef4ac57178c0ebb01c,delivered,2017-12-16 15:06:00,2017-12-17 03:06:00,2017-12-20 03:06:00,2018-01-05 18:06:00,2018-01-01 15:06:00
o1cca9b0d1f874b758160ca69981ab6f,caebdb8cc413e4b73942a1056d331f5a,delivered,2017-10-01 09:44:00,2017-10-01 10:44:00,2017-10-05 10:44:00,2017-10-09 18:44:00,2017-10-16 09:44:00
off689e66b8b040dead10cac5e823c30,ccbf1f458230c4930820ae8540d07a32,delivered,2018-07-03 12:18:00,2018-07-03 22:18:00,2018-07-07 22:18:00,2018-07-08 23:18:00,2018-07-22 12:18:00
o32302edb28144fe1ad5e768589c8fdb,cb79e93b261dc422cb9199c86981a29e,delivered,2017-09-15 18:32:00,2017-09-16 19:32:00,2017-09-18 19:32:00,2017-09-29 05:32:00,2017-10-03 18:32:00
oc2cc0bd2f030426daaf1ada0956c205,c93549e043d9d4f3682086cca9f9593a,delivered,2018-06-19 12:23:00,2018-06-19 20:23:00,2018-06-22 20:23:00,2018-06-28 17:23:00,2018-07-01 12:23:00
o77d22556afda498d8ca605aa5987109,c8e051ccf95df4f25b3b975d62794404,delivered,2018-03-09 19:57:00,2018-03-10 01:57:00,2018-03-12 01:57:00,2018-03-29 05:57:00,2018-03-23 19:57:00
ob1587516082b438682d888da81dfa9f,c9c21a602dcb440c3be57c725673d8f3,delivered,2018-02-11 20:53:00,2018-02-12 00:53:00,2018-02-17 00:53:00,2018-02-23 03:53:00,2018-03-02 20:53:00
o4e97012f40e541369e69a05693faff1,c8950455dd3934c9e8d4a25e150c849f,delivered,2017-09-18 18:03:00,2017-09-19 06:03:00,2017-09-20 06:03:00,2017-10-05 01:03:00,2017-10-09 18:03:00
o4bd36538a14c4938b56595dcd932701,cb7cd1edd17a9404fb884eca5a20df04,delivered,2017-09-17 17:24:00,2017-09-18 16:24:00,2017-09-19 16:24:00,2017-09-24 00:24:00,2017-10-02 17:24:00
o24af40d0591a4b8eaf945ba16a1b15b,cd3fcb42a91064a849261e7fba7cb8e3,delivered,2017-02-04 13:55:00,2017-02-05 14:55:00,2017-02-09 14:55:00,2017-02-20 18:55:00,2017-02-21 13:55:00
o882bfadb2f104a518c2f744a22655f1,cf61082cbd22a47ffa5e0ec8767259dc,delivered,2017-01-04 15:12:00,2017-01-05 02:12:00,2017-01-06 02:12:00,2017-01-27 23:12:00,2017-01-23 15:12:00
o680ccb62b47f483a94801a90274ee16,c8399cd2c92fd4ad49ab8e73295e0ce6,unavailable,2018-08-08 12:01:00,2018-08-09 18:01:00,,,2018-08-26 12:01:00
o085fea75142442d8bd2991e9fe72b03,cebc67fe98958424f96b5a35a2d4fcb0,delivered,2018-03-16 18:16:00,2018-03-17 06:16:00,2018-03-22 06:16:00,2018-04-10 02:16:00,2018-03-28 18:16:00
o6f13beedbbc94c11b6f4bc280c6e5b1,c00c6f6c4cb20487a920173c9c321651,delivered,2017-10-17 20:43:00,2017-10-18 02:43:00,2017-10-20 02:43:00,2017-11-07 23:43:00,2017-11-02 20:43:00
o50560a52a3e14daa962ed5e61dd7d5e,cbc8c706434da4696b36f5b5ad42ebed,delivered,2018-03-10 20:38:00,2018-03-11 00:38:00,2018-03-12 00:38:00,2018-04-02 03:38:00,2018-03-28 20:38:00
o169103c66be34e3f9b73693e8c6699b,c32848c9ca211483bbc3d69344e59774,delivered,2018-05-31 16:59:00,2018-06-01 07:59:00,2018-06-02 07:59:00,2018-06-11 22:59:00,2018-06-12 16:59:00
ocbabbc315e134ab9b5713d5b2c69a92,c4e17d042ed004b0b957f700917e006a,delivered,2018-06-14 14:27:00,2018-06-15 01:27:00,2018-06-19 01:27:00,2018-06-21 22:27:00,2018-07-05 14:27:00
o3d04170f26cd48cab3e5b7a422c4a8c,cccb618e5b5584d37b35a087f7d3b2ca,delivered,2017-04-26 20:55:00,2017-04-27 08:55:00,2017-04-29 08:55:00,2017-05-01 22:55:00,2017-05-07 20:55:00
of019a5fb7d6542c3a604c9baf7905e6,ca9d8ff8bb9504b01ab017211857cfdf,canceled,2018-02-08 14:37:00,2018-02-08 18:37:00,,,2018-03-03 14:37:00
o8c60bb5562ee4cb99445230c44de82e,cf0e7a72526704b12b2ea90a22aca50a,processing,2018-04-09 14:46:00,2018-04-10 20:46:00,,,2018-05-01 14:46:00
oe863a696b9bd4c8ca9b46a3dccb377b,cf7581e89282643aaa247fc8c1417ef5,delivered,2018-02-13 13:11:00,2018-02-14 14:11:00,2018-02-18 14:11:00,2018-03-12 15:11:00,2018-03-08 13:11:00
o7717cb8c9e4d47b4b59a5116845529f,c0f2a098e3d824cb28f2a4d323a09323,delivered,2018-01-12 17:12:00,2018-01-13 22:12:00,2018-01-17 22:12:00,2018-01-24 23:12:00,2018-01-28 17:12:00
o58c567e223d54d0abe1d79abad73074,c0ea9623a11604ad0bcc4bebbfdecf18,delivered,2018-05-23 17:40:00,2018-05-23 20:40:00,2018-05-27 20:40:00,2018-06-02 21:40:00,2018-06-06 17:40:00
o5910b444fe7a4646b7ce37bbc45b0b0,cd3acbf4668d6441cb3d206c2ef4be3d,delivered,2017-04-07 16:42:00,2017-04-08 19:42:00,2017-04-11 19:42:00,2017-04-12 04:42:00,2017-04-21 16:42:00
o4c513064f8bd45d98b12c8a20b948af,cff2fbfede84a4a648135e91db6f9625,delivered,2017-09-29 14:58:00,2017-09-29 20:58:00,2017-10-01 20:58:00,2017-10-22 18:58:00,2017-10-12 14:58:00
o5ff476d4849d4974a07060701002ffc,cb1fa6a1eb67e472089cd7bb1842ec17,delivered,2017-11-06 10:08:00,2017-11-06 17:08:00,2017-11-07 17:08:00,2017-11-12 10:08:00,2017-11-17 10:08:00
obcb3497759ab409caef7dd95ebe89dd,cb65d01633e4b4a33a36939f22e7cd1b,delivered,2017-06-20 11:47:00,2017-06-21 03:47:00,2017-06-22 03:47:00,2017-07-02 14:47:00,2017-07-07 11:47:00
o54be37ef74d14ce5933734d2e5680f6,c68902d575a8d4e58837d2e049b0d2f9,delivered,2018-05-15 15:31:00,2018-05-16 15:31:00,2018-05-20 15:31:00,2018-05-19 23:31:00,2018-06-03 15:31:00
o00aa9c1ea0ac4a67b6bc47dc317ce4c,c8b585a6856c04ab4beca367356a226e,delivered,2017-06-15 13:46:00,2017-06-16 01:46:00,2017-06-18 01:46:00,2017-06-27 23:46:00,2017-07-02 13:46:00
oee04d53a5a13498c8a49b9c08501909,c936340ad5aa549088b8bec41878667f,delivered,2017-08-01 13:44:00,2017-08-02 11:44:00,2017-08-04 11:44:00,2017-08-06 22:44:00,2017-08-18 13:44:00
obe014c02650341d1bdf8c8a052659c0,c4ed4c702331a4acc90545078604712f,delivered,2017-03-07 14:27:00,2017-03-07 22:27:00,2017-03-12 22:27:00,2017-03-14 19:27:00,2017-03-18 14:27:00
o1c977a8dab064fbc9773940c9d7db6c,cb24ee1d497fa45c4a1cffbee2ce31f9,delivered,2018-07-30 09:32:00,2018-07-31 06:32:00,2018-08-02 06:32:00,2018-08-04 20:32:00,2018-08-10 09:32:00
oc1542653dc7b4808ae3189d067979df,c07c5b66bf1a14c41a6c4179404d59de,delivered,2017-09-09 21:30:00,2017-09-10 14:30:00,2017-09-11 14:30:00,2017-09-19 02:30:00,2017-09-21 21:30:00
oaf6065a70ec54a978b6f848ca9ae015,cbf73d37e8d534355870da4c80f3f0e7,delivered,2017-01-31 16:09:00,2017-02-01 15:09:00,2017-02-06 15:09:00,2017-02-05 21:09:00,2017-02-22 16:09:00
o65dcf00585ae4cb593eacf311f3f1d6,cbe491f5f9b61404b9b913be690e1a2f,delivered,2018-03-06 15:56:00,2018-03-07 09:56:00,2018-03-10 09:56:00,2018-03-19 20:56:00,2018-03-29 15:56:00
o2fdcb672d01349a0b64b81456743eab,ca5871e14db67464b965b5dc826f15e7,delivered,2017-07-22 13:05:00,2017-07-23 00:05:00,2017-07-25 00:05:00,2017-08-02 17:05:00,2017-08-07 13:05:00
o21490777f76c4d2fb0579fb4b623e6d,ca8b24f450041413e97117c309fb1877,delivered,2017-03-03 14:16:00,2017-03-04 02:16:00,2017-03-05 02:16:00,2017-03-07 21:16:00,2017-03-14 14:16:00
o9a4e1180051f45929cb04b3f0617109,caa5841eab77b48af937d459a3d138be,delivered,2017-12-25 13:18:00,2017-12-26 16:18:00,2017-12-31 16:18:00,2018-01-09 21:18:00,2018-01-15 13:18:00
o8ef11ec7e48b48a5bc2af981bb84750,c6190e56cccb14c6381820fc2a9cd4ba,delivered,2018-06-23 15:37:00,2018-06-24 16:37:00,2018-06-27 16:37:00,2018-07-06 21:37:00,2018-07-09 15:37:00
oedb119304d124a63ae2532c929e2017,ccf7d0e5c5e4447b3b1fc3e57a25ad40,delivered,2017-04-23 10:23:00,2017-04-23 12:23:00,2017-04-25 12:23:00,2017-05-16 15:23:00,2017-05-11 10:23:00
o8dd5ecb0ea3b4ab4ba34d1d03648ad7,c7433cbf0f1744394961d2adf776b217,delivered,2018-07-15 14:04:00,2018-07-16 04:04:00,2018-07-21 04:04:00,2018-07-25 19:04:00,2018-08-01 14:04:00
o0cd28aaae3854b4ebe52f733a215487,c88b13864a7a04f6a8521eb8df7ebe1a,shipped,2017-12-14 17:02:00,2017-12-15 22:02:00,2017-12-18 22:02:00,,2017-12-31 17:02:00
o4f5d5d4a72af4fdd8e85aaa3db06777,c417abddad7c547348755bdcdfc9a644,delivered,2017-07-17 18:34:00,2017-07-17 20:34:00,2017-07-22 20:34:00,2017-08-05 02:34:00,2017-08-05 18:34:00
od6cace7b3c054e6690e5663085c7e2f,c2624d6acf2424b3e9a5f83c6e361b17,delivered,2017-01-24 14:27:00,2017-01-24 15:27:00,2017-01-29 15:27:00,2017-02-04 15:27:00,2017-02-16 14:27:00
oe2fd85a4ec4e43c7b40b2963caacc29,cb0fa8fc50c0249c3a6c901b9a3bf03a,delivered,2017-07-05 09:45:00,2017-07-05 22:45:00,2017-07-08 22:45:00,2017-07-22 13:45:00,2017-07-16 09:45:00
o2040781777ab4247b8f4e0f2f9f06ca,c701a04dac89844fc8341432f35a196a,delivered,2017-03-09 16:01:00,2017-03-10 00:01:00,2017-03-11 00:01:00,2017-03-31 02:01:00,2017-04-02 16:01:00
oc361630ce8c9492eb18b7f83d9d13b6,c09587e1e0d02443bb715bcded3bcce4,delivered,2018-07-05 15:58:00,2018-07-05 17:58:00,2018-07-09 17:58:00,2018-07-12 19:58:00,2018-07-15 15:58:00
o5bef261cc3a2429297035ced30eb17f,cfc77d09a72d3431dbf19ccce41a0566,delivered,2017-02-16 11:47:00,2017-02-16 14:47:00,2017-02-17 14:47:00,2017-02-20 13:47:00,2017-03-02 11:47:00
o90e96970ff914689a9dee147a5fbb03,c1f7183a0ef2e41fa8bc5799f1ff1ab1,delivered,2017-01-17 20:08:00,2017-01-17 21:08:00,2017-01-21 21:08:00,2017-02-07 06:08:00,2017-02-05 20:08:00
of4d39dbd9f1b4af58709628f51ff2b5,c465afcdc3cbb4f589605ee7b9344ab1,delivered,2017-12-28 15:52:00,2017-12-29 04:52:00,2017-12-30 04:52:00,2018-01-15 18:52:00,2018-01-09 15:52:00
od3a3eccdcba542d78a88511bff13f69,c71395c9cdfa6446dace92ad6528920b,delivered,2018-05-21 14:02:00,2018-05-22 19:02:00,2018-05-27 19:02:00,2018-05-31 00:02:00,2018-06-11 14:02:00
o96e317d4b4074067bcb03ef10d3b0b6,c3639083f2139487ca57909e8ced91b0,delivered,2018-08-07 12:56:00,2018-08-08 14:56:00,2018-08-10 14:56:00,2018-08-10 23:56:00,2018-08-21 12:56:00
oeab1b3ef62504b30ac395cbd3dab02a,ce02c530b9efc4297aefd2c6fc31b015,delivered,2018-05-23 14:33:00,2018-05-24 19:33:00,2018-05-26 19:33:00,2018-06-20 22:33:00,2018-06-13 14:33:00
o418570f8ae9144b5b2a8187109452fa,c7235be72fd914066be8f74f064b2cf4,delivered,2017-06-18 14:19:00,2017-06-19 11:19:00,2017-06-20 11:19:00,2017-06-21 23:19:00,2017-06-29 14:19:00
oe940c35a57794016a9614a93d5e674a,c9cf6f88ad57a4b99bec2d907c3118ba,delivered,2017-03-04 09:24:00,2017-03-05 13:24:00,2017-03-06 13:24:00,2017-03-08 21:24:00,2017-03-25 09:24:00
of7340c5fb9c141d7b2f4c49a791b40c,c9bd6502677fd495b86878b0a389b73d,delivered,2018-04-10 15:29:00,2018-04-11 20:29:00,2018-04-16 20:29:00,2018-05-11 01:29:00,2018-04-29 15:29:00
o29cda3fbdd054c5794c62816181be48,caff5acf45ede4a74883898667e5f478,delivered,2017-07-10 12:08:00,2017-07-10 14:08:00,2017-07-13 14:08:00,2017-07-21 22:08:00,2017-07-22 12:08:00
o5249a27bf3d648e2a8dbc17eb632521,cb236641ee1b344bfb5c279bab5d0308,delivered,2017-12-19 12:12:00,2017-12-19 19:12:00,2017-12-20 19:12:00,2018-01-06 23:12:00,2018-01-10 12:12:00
o604d896336a3447eb738d7a094a7e27,c4ef9323306e14958827486811bb175e,delivered,2017-08-13 09:40:00,2017-08-13 17:40:00,2017-08-18 17:40:00,2017-08-23 20:40:00,2017-08-30 09:40:00
o26b85c8b52134891962abdf3055fc08,c1e9737563db742a1acf3a959ac20745,delivered,2017-07-22 13:11:00,2017-07-22 22:11:00,2017-07-24 22:11:00,2017-08-11 16:11:00,2017-08-12 13:11:00
o2d5cd2e5b30f4cc7a0dae3acc510efe,c48891defb1be4d1893c7468933f3396,delivered,2017-09-03 14:51:00,2017-09-03 20:51:00,2017-09-08 20:51:00,2017-09-21 01:51:00,2017-09-21 14:51:00
o981d3c9454a14a13895697189fc380d,cf08038f0f3c64f0cb6b056b4b3e6044,delivered,2018-07-03 13:50:00,2018-07-03 21:50:00,2018-07-06 21:50:00,2018-07-12 21:50:00,2018-07-13 13:50:00
oba7882852883457296c6768c30e09d1,cb85a502360e647798ad04b1882f7c2f,delivered,2017-08-01 12:57:00,2017-08-02 16:57:00,2017-08-06 16:57:00,2017-08-10 18:57:00,2017-08-14 12:57:00
o22eefeb8f71a410e87bb22a993b7fca,c6d9f8a67cc3b444db6ac9004b5fc0b8,delivered,2018-04-24 15:26:00,2018-04-25 07:26:00,2018-04-28 07:26:00,2018-04-29 22:26:00,2018-05-09 15:26:00
oded68877de8444d48faf525c7d9ad66,c69c3e8ca428640bbb3f9c90a85c28a5,delivered,2018-07-14 12:21:00,2018-07-14 23:21:00,2018-07-17 23:21:00,2018-07-27 16:21:00,2018-07-28 12:21:00
o760f9c80a4ef4a2dac462ff3de7d1a6,cb69fb2bd3e354e9e99933ffd75a9420,delivered,2018-08-17 21:41:00,2018-08-18 18:41:00,2018-08-20 18:41:00,2018-08-24 00:41:00,2018-09-04 21:41:00
o133614b8a35d41c5b78b774718f4897,c02d03b0e61804fb1951b635736f3ffa,delivered,2018-01-19 11:36:00,2018-01-19 21:36:00,2018-01-20 21:36:00,2018-02-02 16:36:00,2018-02-09 11:36:00
oa4788be75a4d485dbd0986b89dcb196,c40bec7b07a464fc7ad776aab86f7b4c,delivered,2018-01-26 12:25:00,2018-01-27 01:25:00,2018-01-31 01:25:00,2018-02-18 19:25:00,2018-02-08 12:25:00
o04968f1f89e44791a87c2a599ab60ca,c92106a42fc0f4ccfb4f33401955be74,delivered,2017-07-30 12:18:00,2017-07-30 15:18:00,2017-07-31 15:18:00,2017-08-02 14:18:00,2017-08-16 12:18:00
o14e57f0a20e4496eaee794ac27ed9aa,c114d168ed61e424db779ae27c5a4362,delivered,2018-03-19 20:42:00,2018-03-20 16:42:00,2018-03-23 16:42:00,2018-04-06 00:42:00,2018-04-07 20:42:00
o8e4d7c0e47824a66a6cb618969981ea,cfd280a0ab3784340b15ae23e155e727,canceled,2017-10-22 19:56:00,2017-10-23 07:56:00,,,2017-11-12 19:56:00
ofddb27f390a9491c9e63ba0f2c84ce3,ca771b61f4dd446a1b20c1b72212b290,delivered,2018-02-07 20:02:00,2018-02-09 00:02:00,2018-02-12 00:02:00,2018-02-19 00:02:00,2018-02-19 20:02:00
oaa9fa90f8cbe41788ecd4d1f892f50c,ce6055f5b83974d47b350e54c6a18b4f,delivered,2018-02-24 16:10:00,2018-02-25 09:10:00,2018-03-01 09:10:00,2018-03-18 03:10:00,2018-03-06 16:10:00
od4144bf14fc44ac59ad598d2fa48e98,c7c85ef4fd4974c8ea30e888781fd7a3,delivered,2018-04-18 10:05:00,2018-04-18 18:05:00,2018-04-22 18:05:00,2018-05-14 12:05:00,2018-05-09 10:05:00
o3f666d5522d04d418bf29d59f537445,c87641434039e4c80b0f3b879ce27cc1,delivered,2017-08-10 20:02:00,2017-08-11 14:02:00,2017-08-15 14:02:00,2017-08-22 06:02:00,2017-08-23 20:02:00
o3cb7fd02c7c247429e9c02ad0a6b11c,cdba83648b8b24eb29210e73f3ab7d9b,processing,2017-01-17 15:01:00,2017-01-18 02:01:00,,,2017-02-09 15:01:00
o9339bf232a5c405d8b43de38394d75b,cd6f97cc9f70b47c3af1246d419a868f,delivered,2017-12-01 14:35:00,2017-12-02 10:35:00,2017-12-07 10:35:00,2017-12-10 15:35:00,2017-12-14 14:35:00
o0d4c27937bb140679165d9cd64a8c68,c3d17a76895384ed0b7f1ea344c0b367,delivered,2017-02-14 10:56:00,2017-02-14 20:56:00,2017-02-19 20:56:00,2017-02-20 21:56:00,2017-03-08 10:56:00
ob59b9a59df7b4f8998bd616b81ec9b8,c8ad79ac2a7ab448da7665aba6991aaf,delivered,2018-05-09 10:21:00,2018-05-10 16:21:00,2018-05-14 16:21:00,2018-05-19 18:21:00,2018-05-28 10:21:00
o42d8cfd9fa2545c9aa95dd7cf9355c9,c1010f5561e6a4fecabb9b0154507a24,delivered,2017-07-26 11:24:00,2017-07-26 13:24:00,2017-07-31 13:24:00,2017-08-05 22:24:00,2017-08-08 11:24:00
o095917fa9d884f38acbdae5353b620c,ce7495e332e5a4015beba610f78e6f32,delivered,2017-09-12 21:43:00,2017-09-13 05:43:00,2017-09-17 05:43:00,2017-09-21 04:43:00,2017-10-01 21:43:00
obf4aa942e03c45b5a4f562d2e06c676,c7cc83b6fb6bf4245b4d7247ee059b03,delivered,2018-06-04 10:27:00,2018-06-04 20:27:00,2018-06-06 20:27:00,2018-06-09 19:27:00,2018-06-16 10:27:00
o0776bde18f814454a3872ae55f2e8f4,c1ce54771c443464292461c87a52bb9c,delivered,2018-03-28 15:32:00,2018-03-29 05:32:00,2018-03-31 05:32:00,2018-04-15 15:32:00,2018-04-19 15:32:00
oe778acf4da744b37ac5f0672cf28248,ce06c67af1d3f431e8cff4018a891267,delivered,2017-07-20 11:58:00,2017-07-20 12:58:00,2017-07-25 12:58:00,2017-08-03 18:58:00,2017-08-12 11:58:00
od2144a3628a94c45a666891f464a1e7,cf1f430498bfb4f2784715c0fa49bf13,shipped,2017-07-18 21:27:00,2017-07-19 22:27:00,2017-07-22 22:27:00,,2017-08-11 21:27:00
o177b86d43b884d739ce73388f48bd51,c0356b031dd25443a8e23f050801b536,delivered,2017-06-01 13:38:00,2017-06-02 11:38:00,2017-06-05 11:38:00,2017-06-06 13:38:00,2017-06-13 13:38:00
o680ad36fa27542e289e3aa718c19c3d,cab25a680137648a7aed2a4adc84b5c4,delivered,2017-11-06 17:34:00,2017-11-07 06:34:00,2017-11-10 06:34:00,2017-11-11 18:34:00,2017-11-25 17:34:00
o5ed12206eae24b4d8668230bdb30587,c1a09b46983ff480fb074db2aceae63c,delivered,2018-06-22 15:41:00,2018-06-23 05:41:00,2018-06-25 05:41:00,2018-06-27 18:41:00,2018-07-04 15:41:00
oe5d0bdaa950e4a00852b4b68ed47e03,cace712733c814d379328cd997c87f90,delivered,2017-06-20 10:18:00,2017-06-20 14:18:00,2017-06-21 14:18:00,2017-07-02 13:18:00,2017-07-04 10:18:00
ob7502001ef514554a4a646c3ceec749,c13de0c5566d6471b8cc59cf6d3d6d9b,delivered,2018-05-13 16:48:00,2018-05-14 06:48:00,2018-05-17 06:48:00,2018-05-21 21:48:00,2018-05-28 16:48:00
oa35751ac2aae48f38aee70c3dde7aaf,c7d0730d9983846e982689dca6a204ed,delivered,2017-09-12 14:28:00,2017-09-13 12:28:00,2017-09-17 12:28:00,2017-09-21 14:28:00,2017-10-05 14:28:00
o1221a280dcae4264bd54c3a4640c970,cae234f1701f54620a785038ccd390d4,delivered,2017-10-28 18:12:00,2017-10-29 22:12:00,2017-11-03 22:12:00,2017-11-12 02:12:00,2017-11-15 18:12:00
o2fcafc5b660d4c62ac62bc8f9b28ff7,c205c002d64c04d1bafc1046a0fb8b9d,unavailable,2017-08-05 11:48:00,2017-08-06 10:48:00,,,2017-08-16 11:48:00
o0110fc166927447aa8f24e7f7eb9231,c2a80347638214dfba1407a1566a6083,delivered,2017-10-15 12:46:00,2017-10-16 04:46:00,2017-10-17 04:46:00,2017-11-04 22:46:00,2017-11-08 12:46:00
o5b6a71b075fc46a3857000754f01f98,cbab5d7f3ca634ab4b8bf094c78feb24,delivered,2017-04-29 13:05:00,2017-04-30 00:05:00,2017-05-05 00:05:00,2017-05-05 22:05:00,2017-05-20 13:05:00
oe0931aa611024cc0ad4176b27b2037f,c550813473b554e0581a2f971a674b27,delivered,2018-06-17 19:38:00,2018-06-17 23:38:00,2018-06-18 23:38:00,2018-06-28 00:38:00,2018-07-03 19:38:00
o01672a1f6aa449d7814e7f874e647e1,cad8b147b153642a18c5e60800952cd2,delivered,2017-08-09 16:18:00,2017-08-10 05:18:00,2017-08-13 05:18:00,2017-08-31 19:18:00,2017-08-19 16:18:00
o118760a48cb3407896a678e16a3cc24,cc26a1d7dd800467298a4a9179736d26,delivered,2017-12-23 21:25:00,2017-12-24 14:25:00,2017-12-27 14:25:00,2018-01-02 08:25:00,2018-01-13 21:25:00
o70f4c4abd1ab4f8a81f549a57ff5fa4,c2a053db43ba64d1a8ac080fbd185480,delivered,2017-01-10 14:46:00,2017-01-10 18:46:00,2017-01-12 18:46:00,2017-01-27 00:46:00,2017-01-30 14:46:00
oe751beb0e89142d4837faec9a9686ee,c9dddd126bfbe44428986621aef366e5,processing,2018-01-20 21:44:00,2018-01-21 19:44:00,,,2018-02-09 21:44:00
o3fa31f27a04f4320bf046baf8e6c0a3,cc0f25b44bf594c3a95ffc7e84b685dd,processing,2017-01-24 18:36:00,2017-01-25 10:36:00,,,2017-02-07 18:36:00
oe622cdf3b85c4ecaac35fc078ec27e8,cf809c9d9ba184fab958f3d5854a1849,delivered,2018-02-20 20:01:00,2018-02-21 23:01:00,2018-02-26 23:01:00,2018-03-04 05:01:00,2018-03-10 20:01:00
oabb9deaad9e14cf4ab53b5709f0bcab,ca33ab6de517f499f8e688de3e4c2591,delivered,2017-02-10 11:36:00,2017-02-10 17:36:00,2017-02-15 17:36:00,2017-02-13 12:36:00,2017-02-21 11:36:00
o2399e751dcb4492cabaf1fc28cbc856,cba04a0515db04ad39b90688da31f06d,delivered,2017-02-15 12:02:00,2017-02-15 22:02:00,2017-02-17 22:02:00,2017-03-09 20:02:00,2017-03-10 12:02:00
oa6202dcad31746f09b76946c9bc4058,c4e9e3ac04418453d99d2544a1505e69,delivered,2017-05-27 17:13:00,2017-05-28 17:13:00,2017-05-30 17:13:00,2017-06-09 03:13:00,2017-06-10 17:13:00
o1c0dd9d9f2a444fca635d13e1c2986f,cdee1f29deb864445baf0f0086b30909,delivered,2018-07-16 15:04:00,2018-07-16 18:04:00,2018-07-19 18:04:00,2018-07-22 03:04:00,2018-07-31 15:04:00
o2c207fe0e65a4611b929bb9ed2c147e,c11ebbe6bad65464b866941bf43a3f55,delivered,2018-06-26 14:44:00,2018-06-27 00:44:00,2018-06-30 00:44:00,2018-07-13 14:44:00,2018-07-14 14:44:00
o100ce01b68f5493f9cf2dca1601e80d,ce3436900dcf34c14bfe5fd5ae2bbba4,delivered,2018-06-10 20:09:00,2018-06-11 01:09:00,2018-06-16 01:09:00,2018-06-14 07:09:00,2018-06-26 20:09:00
o6bb80826f6a5460ebacfd9751a9fc60,cfbfc5efccc184f43aa87bd7df57e506,delivered,2018-03-15 17:45:00,2018-03-16 20:45:00,2018-03-19 20:45:00,2018-03-19 21:45:00,2018-03-28 17:45:00
o7c1b2a39a3d4477f9c54d941f0d7c54,c35dc2eaff62b4c2784df05c3e309f1f,delivered,2018-06-05 20:08:00,2018-06-06 13:08:00,2018-06-11 13:08:00,2018-06-20 20:08:00,2018-06-25 20:08:00
of2f40c52d55146b182dbe2a24fdb070,c9c48ae04a88b4cc5859cc2ab5ac7905,delivered,2017-06-29 10:23:00,2017-06-30 03:23:00,2017-07-01 03:23:00,2017-07-08 12:23:00,2017-07-14 10:23:00
o72ff3700e661407d8b529a2b558f6e2,cd94e76a5836b4e0098784010c48be95,canceled,2017-08-11 13:59:00,2017-08-12 10:59:00,,,2017-08-29 13:59:00
o4bb7021691ee4708a10c533cc90de18,cfb19c79c57af4f97b9ca48632a587b0,delivered,2017-04-14 15:31:00,2017-04-15 08:31:00,2017-04-17 08:31:00,2017-05-01 22:31:00,2017-05-02 15:31:00
o8453ce23a6e541008eebfcb9877dcea,cec1935fa09d544f49677843dfcdc269,delivered,2017-05-24 14:47:00,2017-05-25 02:47:00,2017-05-27 02:47:00,2017-06-22 14:47:00,2017-06-17 14:47:00
o8e2e8514bdaf4bdcaf3f5258f86405a,c6574209df1bc4e819e2acc1fb09aa8e,delivered,2017-11-29 21:48:00,2017-11-30 10:48:00,2017-12-04 10:48:00,2017-12-20 09:48:00,2017-12-17 21:48:00
o5ff1edf58da0484c9bb29c834fb5de4,ccec5ae89ed894a07ad4ef94f171ad41,delivered,2018-05-13 10:48:00,2018-05-14 06:48:00,2018-05-19 06:48:00,2018-05-20 22:48:00,2018-05-25 10:48:00
oecbb36509e0b42ba89ea46a751bc3c5,c35301670ec7d4a89b53c2f6e4e3b736,delivered,2017-08-23 10:08:00,2017-08-23 19:08:00,2017-08-25 19:08:00,2017-09-04 13:08:00,2017-09-05 10:08:00
o2250fefbd9a84879ad857c6d8506baa,c99ceb730d9ac4e1793b5237e875aaba,unavailable,2017-10-03 14:17:00,2017-10-04 13:17:00,,,2017-10-19 14:17:00
ob991d2fffd7045429556ac5cd8699e2,cc927f1d5475e44f1a42aa601a999b29,delivered,2017-08-06 13:30:00,2017-08-07 09:30:00,2017-08-11 09:30:00,2017-08-16 18:30:00,2017-08-17 13:30:00
o9d3f9f1d48e942ad963a509d0a73f46,c5065943fa59a442ca418559b9ba60ad,delivered,2017-09-01 19:17:00,2017-09-02 08:17:00,2017-09-03 08:17:00,2017-09-25 04:17:00,2017-09-12 19:17:00
oaa5b3dbd432349728632c97c9d74eed,c40a6658c4e344197ae069173e6df8ca,delivered,2017-02-14 11:12:00,2017-02-15 10:12:00,2017-02-20 10:12:00,2017-02-22 18:12:00,2017-02-28 11:12:00
o887f1e563cba4493be4a120ec348aea,c5c592ee353404b5db3f39a14a50c79d,shipped,2018-08-03 09:50:00,2018-08-03 16:50:00,2018-08-07 16:50:00,,2018-08-24 09:50:00
o23228222568c46b2a4bc6f3106dfafb,ce31012d5d95c4ffc9341099f053f6ff,delivered,2017-07-31 11:00:00,2017-07-31 18:00:00,2017-08-01 18:00:00,2017-08-17 19:00:00,2017-08-19 11:00:00
oc2fa87aa1bd64712980e14ed4fc7875,cea3152d2c5fa44149efed3dfb2e79e6,delivered,2017-09-12 12:34:00,2017-09-13 09:34:00,2017-09-18 09:34:00,2017-09-20 13:34:00,2017-09-27 12:34:00
o14a105d30b91442fa78a39caf2a9ac2,ca173c9525ebc46fe9f02cf2c6fa4aea,delivered,2017-09-21 19:40:00,2017-09-22 02:40:00,2017-09-26 02:40:00,2017-10-02 22:40:00,2017-10-14 19:40:00
oe5f8e5df55a54951aad877052685c7e,c53ca1c9f27d346a5872fc660cce4d65,delivered,2018-08-07 16:46:00,2018-08-08 02:46:00,2018-08-11 02:46:00,2018-08-20 22:46:00,2018-08-17 16:46:00
ofc848e6f9cbf470b96cc3c6f84e323b,cde7c560d942d4ea893cd55008b4a5ec,delivered,2018-01-22 15:01:00,2018-01-22 16:01:00,2018-01-23 16:01:00,2018-02-15 19:01:00,2018-02-13 15:01:00
o6e2d9b1ebabe45a69bcae75ebac298d,ce73a01df8333451c9f4c923f7807055,delivered,2017-06-17 13:21:00,2017-06-17 21:21:00,2017-06-22 21:21:00,2017-06-25 21:21:00,2017-06-27 13:21:00
ob0e41742a79e449a829cd58d3c506fd,cbb616efd4b764a61b9dde5f1333922d,delivered,2017-10-21 12:58:00,2017-10-22 01:58:00,2017-10-23 01:58:00,2017-10-27 15:58:00,2017-11-10 12:58:00
o49f70aadbc804f0aafa527a60b6a091,c2f91fd0610ba498887e458b16b3b916,delivered,2018-03-12 11:57:00,2018-03-12 21:57:00,2018-03-15 21:57:00,2018-03-18 15:57:00,2018-03-31 11:57:00
o5438de58adb1414097af83d03cbeced,c99661121771940c081222d25579e683,shipped,2017-04-26 18:27:00,2017-04-27 03:27:00,2017-04-28 03:27:00,,2017-05-08 18:27:00
o615582bf8db447349fd39f59dae3641,c37173455dc824f098988914bed18273,delivered,2017-09-09 15:26:00,2017-09-10 09:26:00,2017-09-14 09:26:00,2017-09-25 18:26:00,2017-09-27 15:26:00
ofcb1d02e7ae84fedb1f77ae914c3c8e,c58447d0d4d134e1aaf8910d49e280a0,delivered,2017-04-23 09:58:00,2017-04-24 13:58:00,2017-04-26 13:58:00,2017-04-30 17:58:00,2017-05-16 09:58:00
oc4d6ba6ce28445d79ef214ee60339fe,c9302a24a43ae417580a5e2da495d1be,delivered,2017-03-22 12:04:00,2017-03-23 15:04:00,2017-03-27 15:04:00,2017-04-17 19:04:00,2017-04-14 12:04:00
oa286be4c0be84607b0d0a08c194e0cf,ca56187267bf7496e8e8e013c1f1c3e3,delivered,2018-07-22 20:53:00,2018-07-23 15:53:00,2018-07-26 15:53:00,2018-07-31 22:53:00,2018-08-09 20:53:00
o3b9fc654ccd740539037afad0da0d16,c0a765f229f794565bc9cf44908ec5e9,delivered,2018-04-25 16:20:00,2018-04-26 05:20:00,2018-04-30 05:20:00,2018-05-25 02:20:00,2018-05-18 16:20:00
of1a5bc27979542089ae8104670154f8,c23bb31c23438495b8d565a89368e0ff,delivered,2017-11-13 12:35:00,2017-11-14 18:35:00,2017-11-16 18:35:00,2017-11-20 21:35:00,2017-11-23 12:35:00
o305d2291a3934266afa41a39e79c4df,c079c36913df841cc8c3d2b1245f1322,delivered,2017-12-31 11:44:00,2017-12-31 22:44:00,2018-01-05 22:44:00,2018-01-19 11:44:00,2018-01-16 11:44:00
o74b042fae67944c89d53121e85dac6e,cbcf47a069d644b16a0966865f17fe99,processing,2017-06-14 17:33:00,2017-06-15 13:33:00,,,2017-07-04 17:33:00
oa9765f4fa6904055b5f7e6c324b3f8d,c6b7f74400d044db19a8845bb173fb17,delivered,2017-09-02 12:39:00,2017-09-02 17:39:00,2017-09-06 17:39:00,2017-09-22 14:39:00,2017-09-21 12:39:00
o3fd8e347bdc64fafacd0f7df542e577,c0b140ac962b54fd29e4c2c729c01c74,delivered,2017-09-22 16:16:00,2017-09-23 07:16:00,2017-09-25 07:16:00,2017-10-10 16:16:00,2017-10-12 16:16:00
odbf44d4bcbab4c728861a483c32db46,c8821a253f43f45aeaed226cdbde79ff,delivered,2017-09-27 19:02:00,2017-09-28 16:02:00,2017-09-30 16:02:00,2017-10-04 19:02:00,2017-10-07 19:02:00
o4fbc46eb83b440dca65c6fb85f3d4d7,c2a5fa1b6ebf04502b6880cd8afd9be5,delivered,2017-04-22 10:11:00,2017-04-23 16:11:00,2017-04-27 16:11:00,2017-05-01 16:11:00,2017-05-16 10:11:00
ocf2eed7e33a74e97b1dc89276e1885b,c15359d68f60146ac892f758085d0144,delivered,2018-08-05 09:38:00,2018-08-05 11:38:00,2018-08-08 11:38:00,2018-08-23 12:38:00,2018-08-29 09:38:00
obbd0c11e3c7343e9b6d953666941aeb,c7db816d371c444428692b9b5aced159,delivered,2017-09-23 11:53:00,2017-09-24 16:53:00,2017-09-28 16:53:00,2017-10-05 13:53:00,2017-10-17 11:53:00
ob3aab2d0b66342c08d2aa95264895b9,c6a56208df05e4d4f95053e3b19246e6,delivered,2017-03-21 20:42:00,2017-03-22 01:42:00,2017-03-25 01:42:00,2017-04-13 22:42:00,2017-04-05 20:42:00
o39a80170bb6d4ca487354ae833aaa60,ca5577639c0344c0fa09c36a0fb5bb4c,shipped,2017-02-07 12:47:00,2017-02-08 02:47:00,2017-02-13 02:47:00,,2017-02-28 12:47:00
od78b206baef64a2193d7e6c8dc8e4ca,c8a7ea0b76c4e4b3cafe0afac838e227,delivered,2018-04-12 15:26:00,2018-04-13 18:26:00,2018-04-17 18:26:00,2018-04-27 20:26:00,2018-04-30 15:26:00
o9b4ac8f485284a0b8918a33376b3902,cabaa6925f8ab47d28d709f6165e4c76,delivered,2017-03-31 21:53:00,2017-04-01 18:53:00,2017-04-06 18:53:00,2017-04-04 04:53:00,2017-04-10 21:53:00
o68353b62eecd441284b5a1aa6304f67,c2b8a4ffaaade4d93addaaad2539f210,delivered,2018-02-27 19:45:00,2018-02-28 08:45:00,2018-03-03 08:45:00,2018-03-06 23:45:00,2018-03-09 19:45:00
o19d4a3da1ae84c4d9107378c8e0e2d5,ca1d38540d66a45e4b233128ffe5654b,processing,2017-12-10 11:36:00,2017-12-10 19:36:00,,,2017-12-28 11:36:00
o835bc0443d2445f2b7bbf9609a2401b,c8e186533458d4cb1831fffd4cffed50,unavailable,2017-09-24 17:10:00,2017-09-25 00:10:00,,,2017-10-05 17:10:00
o398c4b8386f44cb5a0175d87f9cf60f,c42ea4be738874fa784df811c7dc5f24,delivered,2018-04-10 19:40:00,2018-04-11 01:40:00,2018-04-13 01:40:00,2018-04-21 22:40:00,2018-04-23 19:40:00
obd97dc98fca845c4b7b3632133f3d12,c57e0736fc45549999f0bc2102893c58,delivered,2017-03-21 16:54:00,2017-03-22 19:54:00,2017-03-26 19:54:00,2017-04-04 22:54:00,2017-04-03 16:54:00
o9f5a87fc1b8e4968a594d032c45768a,cc08a6bc209ac40caa70ef254556c339,delivered,2017-05-01 14:22:00,2017-05-02 10:22:00,2017-05-07 10:22:00,2017-05-30 01:22:00,2017-05-20 14:22:00
of157f7b702e244dfa4e88972ddf13d5,c82f89478c57e4798bb0916eb6833cf2,unavailable,2017-03-27 20:44:00,2017-03-28 05:44:00,,,2017-04-10 20:44:00
oe0f4bcadd7a74ee688eeab0dcd6f504,c50967effd57949929e906c51e7650a0,delivered,2018-04-24 20:51:00,2018-04-25 13:51:00,2018-04-27 13:51:00,2018-05-01 06:51:00,2018-05-10 20:51:00
o060d35f349fa430d99f8de18014ff0b,c65cc7594065c4f9cb686ff4cb273e47,delivered,2018-01-28 15:12:00,2018-01-29 03:12:00,2018-01-30 03:12:00,2018-02-01 23:12:00,2018-02-21 15:12:00
o96aa55a24fcc49d7b690ff7e13888d6,c20427a1745f240999a0febe35093e4e,delivered,2017-09-09 10:13:00,2017-09-09 22:13:00,2017-09-12 22:13:00,2017-09-27 21:13:00,2017-09-21 10:13:00
odc6e3dfcb4104712bbf673970147b2d,c66295cd592424d44ae6142d4243e6bf,delivered,2017-03-18 18:57:00,2017-03-19 16:57:00,2017-03-23 16:57:00,2017-03-31 21:57:00,2017-04-09 18:57:00
oa86fb89d5e534c02849fa540bfef693,cc926c6d760644379ad983cdf8987590,delivered,2018-04-18 13:08:00,2018-04-19 02:08:00,2018-04-24 02:08:00,2018-04-21 18:08:00,2018-04-28 13:08:00
o2a65788eb407472fbbabefb035d927d,c93bb42e109844a7db4e266acbb25d53,processing,2018-02-07 13:44:00,2018-02-08 05:44:00,,,2018-03-02 13:44:00
od42611e1e8694cc4b08316ec4e677ad,cefd98fa21ae049a3a59797104f4095b,delivered,2017-08-20 11:05:00,2017-08-21 16:05:00,2017-08-24 16:05:00,2017-09-09 11:05:00,2017-09-11 11:05:00
oc91bda21567442d290e8f98eab89aee,ce543897d36f445af9198e0a9d87af80,delivered,2017-05-06 17:33:00,2017-05-07 09:33:00,2017-05-11 09:33:00,2017-05-20 05:33:00,2017-05-26 17:33:00
o98b9b1fe190b4714b49e01a0d919c8f,c6671d1dc5380489e827a6bfa65fdead,delivered,2018-04-25 15:12:00,2018-04-26 02:12:00,2018-05-01 02:12:00,2018-05-06 20:12:00,2018-05-08 15:12:00
o60b035f94f6240f3bd0f6186f1bdbb0,cfa1cc9ad4be5417092daac9bb522f79,delivered,2017-11-11 18:41:00,2017-11-12 09:41:00,2017-11-13 09:41:00,2017-11-21 18:41:00,2017-12-05 18:41:00
o824a48db33cd48bf991061708a3cc9e,c1fc57e0ca8a245a7be9a9c6000a13f5,delivered,2017-04-11 09:41:00,2017-04-12 15:41:00,2017-04-14 15:41:00,2017-04-20 11:41:00,2017-04-27 09:41:00
o659a0cd6db5a4535a2646ee561e081a,ca64b52365fbb44509ca155c244cfaac,delivered,2018-06-29 10:17:00,2018-06-30 06:17:00,2018-07-04 06:17:00,2018-07-05 13:17:00,2018-07-20 10:17:00
o04d4a6cbad6d43abbdf9a59b526f66a,c73374e3501644544876506724cdcdeb,delivered,2017-06-24 14:43:00,2017-06-24 20:43:00,2017-06-28 20:43:00,2017-07-11 00:43:00,2017-07-09 14:43:00
o838e310658604aeda2a73b096524206,c3d83d251f67449cabcae3605e003e53,delivered,2017-04-23 09:52:00,2017-04-24 07:52:00,2017-04-26 07:52:00,2017-04-28 21:52:00,2017-05-07 09:52:00
o93b2fc62e3f34409b03cb8b89f2b107,cfcdce22a1a6b4a1ea5ce78e166ecddf,delivered,2017-12-08 17:49:00,2017-12-09 21:49:00,2017-12-14 21:49:00,2017-12-20 03:49:00,2018-01-01 17:49:00
o164ebe86ac054e12949f7664e2ee1ba,c27038967b9e34e3591ab359b06d71bf,shipped,2017-04-02 12:58:00,2017-04-03 09:58:00,2017-04-06 09:58:00,,2017-04-13 12:58:00
o4e4a348b2c9c499d946d8ee95fda511,c2ed22b549b8b47beb5b0f1d8cf3f3c2,delivered,2017-05-06 15:50:00,2017-05-07 17:50:00,2017-05-10 17:50:00,2017-05-09 22:50:00,2017-05-28 15:50:00
of02097550afd453a8a32981cb4c605e,c45922caf748d46a8ad701c6edf00fdd,delivered,2018-05-16 13:00:00,2018-05-17 11:00:00,2018-05-18 11:00:00,2018-06-11 18:00:00,2018-06-08 13:00:00
ofda0c04291154c6fa8d74005120eac0,c94b76735ebd14f13826c36464fde2b3,delivered,2018-03-09 15:57:00,2018-03-10 00:57:00,2018-03-13 00:57:00,2018-03-18 00:57:00,2018-04-02 15:57:00
o69a40ce9f78047abb6e3f0ab681adbc,c50611be905a145949f9f1cadc2877e3,delivered,2018-01-20 21:56:00,2018-01-21 01:56:00,2018-01-26 01:56:00,2018-01-29 05:56:00,2018-02-01 21:56:00
ofa2d8d83836e45cc8d08251ef2c4d56,cb53ee2028f724a7e9db56f55374c033,delivered,2017-05-09 15:42:00,2017-05-10 17:42:00,2017-05-15 17:42:00,2017-05-13 16:42:00,2017-05-31 15:42:00
o96bd8801e2574762a06b64233492842,cc488d28207eb43fc83255e35bc1db4b,delivered,2018-06-13 11:35:00,2018-06-14 03:35:00,2018-06-16 03:35:00,2018-06-18 15:35:00,2018-06-25 11:35:00
o895685dd845845908f338c79ed26205,c37a2e8df2e7c4ec7b469115fa4e038d,delivered,2018-02-05 09:59:00,2018-02-05 22:59:00,2018-02-07 22:59:00,2018-02-21 17:59:00,2018-02-22 09:59:00
o7502847076b047f6afaa4e9e15284b6,cecaf5c039f4a403faee8469d4a6142d,delivered,2018-05-03 16:18:00,2018-05-03 20:18:00,2018-05-07 20:18:00,2018-05-14 22:18:00,2018-05-22 16:18:00
o19e8a78c20fe4c19970172af9fb456a,cf0b72c733a47463e83fa1c4f62ae4a9,delivered,2017-02-13 14:08:00,2017-02-14 14:08:00,2017-02-17 14:08:00,2017-03-05 19:08:00,2017-03-02 14:08:00
ocbc0353a3f04419b9cb504515d696af,c1179edbdb0d54c25bc1e973ee4a346d,canceled,2017-11-07 15:04:00,2017-11-08 12:04:00,,,2017-11-24 15:04:00
o4b07d84d8024452f98677e958c306d5,c9076c475920947be8062db88820e16f,delivered,2018-08-18 14:37:00,2018-08-19 03:37:00,2018-08-20 03:37:00,2018-09-10 16:37:00,2018-08-29 14:37:00
o5a2b7f6a6c584fe8845cc0dad5464c5,cc85d9469206542a885b929308ad8edb,delivered,2018-03-07 10:03:00,2018-03-07 14:03:00,2018-03-08 14:03:00,2018-03-12 19:03:00,2018-03-17 10:03:00
ofa0745e40183429a9c4dc2110743e87,cec12cc6e3d2f44829d14a2ee97f5cbf,delivered,2017-07-26 20:10:00,2017-07-27 13:10:00,2017-07-29 13:10:00,2017-08-19 06:10:00,2017-08-17 20:10:00
oa2e186b74ca545fba6304ddb1ade4a3,c215ba776ce294518a12548c10532054,delivered,2018-01-01 18:57:00,2018-01-01 23:57:00,2018-01-02 23:57:00,2018-01-16 19:57:00,2018-01-23 18:57:00
o4a22e2ecf61f4426a54ac7a494d534b,ca8329553b6b544c9b494fdcf7139f13,delivered,2018-01-02 10:55:00,2018-01-02 20:55:00,2018-01-07 20:55:00,2018-01-09 16:55:00,2018-01-13 10:55:00
o7795e6683c1f46a3a834a718630969b,c4ed62b19f7cc4f45b13faad4b69ceee,delivered,2017-05-23 12:35:00,2017-05-23 23:35:00,2017-05-24 23:35:00,2017-05-29 00:35:00,2017-06-16 12:35:00
oda275ef0f9ea4cab874c7ba367b92ee,ca39e790c3d714b1cb991cd621a91980,delivered,2017-08-22 09:59:00,2017-08-23 10:59:00,2017-08-25 10:59:00,2017-09-06 19:59:00,2017-09-13 09:59:00
ob4a44402cefb45c9b3285a3836d00dd,c08b6f2b80a4c46d7908ab882ddbf7a1,canceled,2017-07-18 14:27:00,2017-07-18 22:27:00,,,2017-07-31 14:27:00
o7e179665707f47b7bd7fa32a752929e,c9da19adf4c674ac4b2ff898dadb7add,delivered,2017-02-28 10:03:00,2017-02-28 16:03:00,2017-03-01 16:03:00,2017-03-12 20:03:00,2017-03-14 10:03:00
oc8c64bbaeb764e3687ed7da99e69ece,cf0ae9f5c188745428eb10605f880a4b,delivered,2017-09-08 17:57:00,2017-09-09 16:57:00,2017-09-14 16:57:00,2017-10-02 23:57:00,2017-09-26 17:57:00
o6d1a492115f94a53835c6e96cc22d35,ce765e46264c84a09beeaeee19e5c8e4,delivered,2017-01-22 16:53:00,2017-01-23 01:53:00,2017-01-27 01:53:00,2017-01-27 16:53:00,2017-02-10 16:53:00
o77197d3a8a9144359e52c996f89d376,c0027614e96404e0ab00ecd952a619de,unavailable,2018-07-09 21:22:00,2018-07-11 03:22:00,,,2018-07-28 21:22:00
o19f271fcb93e428ebf7c5a1c8b2bef8,c51c6fdab9ac040c5b8c4bc6ab812773,canceled,2018-03-14 21:46:00,2018-03-15 22:46:00,,,2018-03-24 21:46:00
o55d230b97f1b4c11befc74e6b04aaa4,cd224f6e7e54b4ea6b94500e4bc2e9fc,delivered,2017-01-16 13:51:00,2017-01-16 22:51:00,2017-01-18 22:51:00,2017-01-23 18:51:00,2017-01-27 13:51:00
o8ef7d662815d4cd69443a939885d5ac,c6d8fab0c82d043879976b0b3a203bfa,delivered,2018-03-31 16:01:00,2018-04-01 07:01:00,2018-04-04 07:01:00,2018-04-10 00:01:00,2018-04-10 16:01:00
o79c0afb5b2c5450eabaf2921bc7134b,c9daba48de0ea4e009142fe42f36b74e,delivered,2017-08-21 19:11:00,2017-08-22 15:11:00,2017-08-23 15:11:00,2017-08-25 21:11:00,2017-09-10 19:11:00
od088c9cc8bfa4f148506b30fd2f18be,c272212db74a14c1fb3149bd2dbcedf5,delivered,2017-08-29 14:06:00,2017-08-30 05:06:00,2017-09-04 05:06:00,2017-09-13 19:06:00,2017-09-09 14:06:00
o3773748fecbb4f7eb709511a2f85ef4,c425f863dd9cd4e7aa0ebaed903f0490,delivered,2017-06-14 14:02:00,2017-06-14 19:02:00,2017-06-19 19:02:00,2017-07-18 17:02:00,2017-07-08 14:02:00
o9dd0bacc4829420cabdb790d0fd6298,cf520427d0d9a4d6aa9ded80bacf9ec2,delivered,2018-07-06 20:07:00,2018-07-07 13:07:00,2018-07-08 13:07:00,2018-07-26 04:07:00,2018-07-28 20:07:00
oe2755f1e995d4f04999ccd9cabb02f7,ce912ea14e5cf426c89adf6e93b5f8fd,delivered,2018-01-06 10:22:00,2018-01-06 13:22:00,2018-01-09 13:22:00,2018-01-28 13:22:00,2018-01-30 10:22:00
o46920ab64c3c457dbddb2bff95fafbc,c5e355b74eed542a6950b9c678623f5f,delivered,2017-11-18 10:05:00,2017-11-19 03:05:00,2017-11-24 03:05:00,2017-11-24 12:05:00,2017-11-30 10:05:00
o6ca7819a99284db5ace2235717f6a32,c4474adbaec0442678d519beea20a414,delivered,2018-03-09 14:08:00,2018-03-10 08:08:00,2018-03-13 08:08:00,2018-03-28 23:08:00,2018-03-22 14:08:00
o25794803ec0c46b9b749e53b1cec59e,c9ba79c381e214ab9afbdc99bb789487,delivered,2017-07-07 20:49:00,2017-07-08 23:49:00,2017-07-13 23:49:00,2017-08-02 05:49:00,2017-07-31 20:49:00
o532eaa4383fe4002ad08e1d08b35272,cb11fe965025d4150b5c8650584955b4,delivered,2017-10-20 14:24:00,2017-10-20 20:24:00,2017-10-21 20:24:00,2017-10-26 20:24:00,2017-11-01 14:24:00
od7cb8952b1ad4279a6b6a16df889ece,c7ebd2d0b92f64104bfa879be3704679,delivered,2017-08-26 19:17:00,2017-08-27 02:17:00,2017-09-01 02:17:00,2017-08-30 04:17:00,2017-09-13 19:17:00
o841bf5c47d7a4c9d9862989f4fc28c4,c3d9a181943f94546af8fb821650ffea,delivered,2018-03-19 16:16:00,2018-03-19 21:16:00,2018-03-20 21:16:00,2018-03-24 03:16:00,2018-04-02 16:16:00
obc87f096240b449db6f1155677ddaf3,c2ac4373e56614f4f881aaae13644c8a,delivered,2017-01-09 12:08:00,2017-01-10 16:08:00,2017-01-12 16:08:00,2017-01-14 19:08:00,2017-01-22 12:08:00
oa28b5364e4db4fa283612ba450bbbcd,c6fb69ff08dbf49029d8b71a6ad1e708,delivered,2018-08-21 12:40:00,2018-08-22 05:40:00,2018-08-24 05:40:00,2018-08-31 16:40:00,2018-09-10 12:40:00
o7037a977cc144573bcb97b5e450e1d9,c57001255e12046c8bf07aad907c890e,delivered,2017-11-30 12:42:00,2017-11-30 18:42:00,2017-12-03 18:42:00,2017-12-08 23:42:00,2017-12-17 12:42:00
ob12ecd0ea8e9460185967f8dedd6abd,c9637ba55674f49d595a9c9de5ed524a,delivered,2018-07-30 21:20:00,2018-07-31 08:20:00,2018-08-04 08:20:00,2018-08-09 03:20:00,2018-08-15 21:20:00
o7905903cca7a4d9b8fdcc1e2d75348d,c8231c1c106bf40d0b60ab8086ba3253,delivered,2017-12-04 11:38:00,2017-12-05 11:38:00,2017-12-09 11:38:00,2017-12-26 16:38:00,2017-12-14 11:38:00
o03cf6793218842128fa877831d634cc,c971ff544e1e446cfba8a7722174d777,delivered,2017-01-14 09:54:00,2017-01-15 02:54:00,2017-01-20 02:54:00,2017-01-24 09:54:00,2017-01-25 09:54:00
of8bde2fdaad541338925109525ac993,c7db47fb64fa6444eaffa4acc70d5691,delivered,2017-03-28 10:04:00,2017-03-29 09:04:00,2017-04-02 09:04:00,2017-05-01 18:04:00,2017-04-19 10:04:00
oba4adc7d8f364cb4acf7cab6ccfc648,c0f48c2cfc78c46baa9576402e69ff4c,shipped,2017-07-27 10:16:00,2017-07-28 05:16:00,2017-08-01 05:16:00,,2017-08-13 10:16:00
o7104f2a0b157493792d96850679636d,c30b31253abc8458e908ca471646e92b,delivered,2018-02-08 14:48:00,2018-02-08 18:48:00,2018-02-10 18:48:00,2018-02-11 20:48:00,2018-02-25 14:48:00
oeeeb387cec6a4aa490f762a8eb286bd,c36e584a619d0467b8c706617aefb14d,delivered,2018-06-20 20:53:00,2018-06-21 04:53:00,2018-06-25 04:53:00,2018-06-26 07:53:00,2018-06-30 20:53:00
oa69242f4b398462f9691d98dfd7ec61,c80836a6e0d394b2a9550c3f33050362,delivered,2017-11-26 16:45:00,2017-11-27 10:45:00,2017-11-28 10:45:00,2017-12-13 03:45:00,2017-12-19 16:45:00
oe19aa9277bc746caa3e3603546f3779,cfbee0732f10146e6a158061db338010,delivered,2017-05-24 20:55:00,2017-05-25 09:55:00,2017-05-28 09:55:00,2017-06-09 07:55:00,2017-06-03 20:55:00
o490746e6ce5e4471a51c80d8c2ea7ae,c28ded7f7a1e642b4a8f376382f2d40f,delivered,2017-06-18 17:45:00,2017-06-18 18:45:00,2017-06-22 18:45:00,2017-06-28 18:45:00,2017-07-03 17:45:00
o0de4c6ee16cc4fe0b1b72b84be6796b,c2065bbe8dc544b1694dc86e531f0467,delivered,2018-01-12 18:49:00,2018-01-13 03:49:00,2018-01-18 03:49:00,2018-01-18 19:49:00,2018-01-30 18:49:00
o67bc7b1d6ab747f69e6722f704f0f79,cf6da044bef864bd4a61bacdf7b04d78,delivered,2018-04-30 12:10:00,2018-04-30 20:10:00,2018-05-01 20:10:00,2018-05-12 14:10:00,2018-05-13 12:10:00
obcc73c494bc344bf9a9fdf253358150,c4b859381c51f4e2aa006c9ae28985e4,delivered,2018-07-28 15:24:00,2018-07-29 14:24:00,2018-08-01 14:24:00,2018-08-08 20:24:00,2018-08-14 15:24:00
o93576b5ff2a4415dbf8bc56fcc0bd42,cbf516f52adc8418aa33a9a48dfdbfe0,delivered,2018-07-26 15:41:00,2018-07-26 16:41:00,2018-07-29 16:41:00,2018-08-10 02:41:00,2018-08-18 15:41:00
oed3223ac6809421c9fff8073c4470a4,c4b89f2c2a1a9474abf16a1a73c57506,delivered,2017-04-07 14:58:00,2017-04-08 20:58:00,2017-04-13 20:58:00,2017-04-15 18:58:00,2017-04-17 14:58:00
o5f06b9fe0a474e668b15201c62d3805,c5e6510efe5da49b3a83c8498535d2a7,delivered,2018-04-30 20:55:00,2018-05-01 14:55:00,2018-05-02 14:55:00,2018-05-24 05:55:00,2018-05-22 20:55:00
oaa7b4468cfdc4e4b85a9c094dc82d11,ca5372f256b694d7ea3b52cf12b0747c,delivered,2017-12-07 19:54:00,2017-12-09 00:54:00,2017-12-11 00:54:00,2017-12-22 03:54:00,2017-12-28 19:54:00
oc58a1eced8f3418cb0fdf99d07c159b,c2c48ee37ab3341cda9c94a87525de2d,delivered,2018-06-02 15:11:00,2018-06-03 18:11:00,2018-06-04 18:11:00,2018-06-22 20:11:00,2018-06-25 15:11:00
o85e717f51198472fb151e718e2955ed,cebc79cf7f2164223a85460e1ef30ff4,delivered,2017-06-23 21:00:00,2017-06-24 09:00:00,2017-06-25 09:00:00,2017-06-30 01:00:00,2017-07-10 21:00:00
ob9ae4d3a26c04ef9a43aa60e5988044,ccffd03660bc942028046657d2695bf0,delivered,2018-03-27 13:05:00,2018-03-28 08:05:00,2018-03-31 08:05:00,2018-04-07 20:05:00,2018-04-11 13:05:00
o1c809b457a03434bbd709beb047c7ef,c693e475c6f374f63bac08009c21e25d,delivered,2017-04-03 17:49:00,2017-04-04 00:49:00,2017-04-07 00:49:00,2017-04-23 01:49:00,2017-04-20 17:49:00
odf1be12e4140497bb291bf301efcf49,c23a64accee074021bcee933cc88609f,delivered,2018-03-08 16:21:00,2018-03-09 21:21:00,2018-03-11 21:21:00,2018-03-15 18:21:00,2018-03-19 16:21:00
oc75b1ed10dcc4bbfaf391b3170ff49d,c343dea0b6846479a9660124aab1d469,delivered,2018-05-10 19:25:00,2018-05-12 01:25:00,2018-05-14 01:25:00,2018-05-29 20:25:00,2018-06-03 19:25:00
o9efa9429258b42a4942db4d0f3df34f,c3e73302e0e784b21bfd810f25d7cb95,delivered,2017-05-14 19:21:00,2017-05-14 21:21:00,2017-05-17 21:21:00,2017-05-20 07:21:00,2017-05-25 19:21:00
o04edd37f8a43425380113396cc2421f,c81a736ecc2a943dabd97d56c58cc802,delivered,2017-06-07 19:35:00,2017-06-08 07:35:00,2017-06-12 07:35:00,2017-06-20 02:35:00,2017-06-17 19:35:00
o20f55b649b5645fd95289dc9d756f4a,c55cfaf40fe4344d4a8f033312ee211d,delivered,2017-12-01 13:52:00,2017-12-02 17:52:00,2017-12-07 17:52:00,2017-12-05 18:52:00,2017-12-17 13:52:00
o1ff55f3532d04667bc3cbf4ee9ed2cb,cb3e408c657294c738244ffcbc2de311,delivered,2017-08-24 11:31:00,2017-08-24 18:31:00,2017-08-28 18:31:00,2017-09-14 21:31:00,2017-09-07 11:31:00
o5b8b92df5b6f426e9f4a33673d2ea1e,cbf86167529314453b9a5c2d97b66d39,delivered,2017-12-21 19:46:00,2017-12-22 23:46:00,2017-12-23 23:46:00,2018-01-10 04:46:00,2018-01-06 19:46:00
o05adc01e966045eba2b0ec295e10491,ce11747286ea74185854f77f61868784,delivered,2018-04-30 20:21:00,2018-05-01 08:21:00,2018-05-03 08:21:00,2018-05-10 06:21:00,2018-05-11 20:21:00
o2aeeb4e61df14311862e3bfc735dbdc,cc57978b928744366b53b6d2bb24ac61,delivered,2018-05-17 16:23:00,2018-05-18 12:23:00,2018-05-21 12:23:00,2018-05-31 02:23:00,2018-06-06 16:23:00
od6713ad251d0463794bd2dbaafbf91e,c3aefd690b3414fb38455f2a2be1f579,delivered,2017-09-12 11:05:00,2017-09-12 16:05:00,2017-09-14 16:05:00,2017-09-28 15:05:00,2017-10-03 11:05:00
o03b8b0e199cc4438bc557c5bdc1fb86,c3b361a60652d4c1bb3fb63eb11804d4,delivered,2017-05-31 18:46:00,2017-06-01 23:46:00,2017-06-05 23:46:00,2017-06-04 23:46:00,2017-06-11 18:46:00
o5cae64fc330443aa89a37366fb7e529,c690775a5c5c0479e8658873b3b66965,delivered,2017-02-20 14:36:00,2017-02-21 15:36:00,2017-02-25 15:36:00,2017-02-28 18:36:00,2017-03-16 14:36:00
oa07c8d7a581f433496da9bc76418b23,c6c54cbf9dc2945ff9c36153738baa9b,delivered,2017-04-10 12:14:00,2017-04-10 23:14:00,2017-04-11 23:14:00,2017-04-22 19:14:00,2017-04-23 12:14:00
oad118ba0057845708ef944f1c317239,c9d56a137c76a42f7902dd93d09b9474,delivered,2018-06-30 20:10:00,2018-07-01 05:10:00,2018-07-02 05:10:00,2018-07-12 21:10:00,2018-07-16 20:10:00
o191b9839515c4f59af1dfb7ec991da6,c17a486aea12e4c14b668ba8c8685d85,processing,2018-08-02 15:26:00,2018-08-02 16:26:00,,,2018-08-24 15:26:00
o63f3a836e61843e9a3766dbc1d2cc3c,c90026987b31d4132b584a0698999320,delivered,2018-07-18 15:22:00,2018-07-19 05:22:00,2018-07-24 05:22:00,2018-08-02 01:22:00,2018-08-11 15:22:00
o0902ff83ab094f28bc9025262a675ed,cc386914ce40840cdb0e389612c45896,delivered,2017-10-23 09:34:00,2017-10-24 10:34:00,2017-10-26 10:34:00,2017-10-27 15:34:00,2017-11-09 09:34:00
o083d704931c04edf9084b351ad33f1e,ca52f49dc3c5346db89c485bd9168d29,delivered,2017-09-13 11:36:00,2017-09-14 09:36:00,2017-09-17 09:36:00,2017-10-04 23:36:00,2017-09-24 11:36:00
o6dfc02bd2a7945d4b13c32e50a9d8fd,c3e392766aabc45538583696cd31a061,delivered,2017-02-01 12:36:00,2017-02-01 20:36:00,2017-02-06 20:36:00,2017-02-12 00:36:00,2017-02-21 12:36:00
o74f5f49831174118a5da1a7d3db9b0f,cad2d845f636d4aa9a5d170067bc4adb,delivered,2018-02-21 17:30:00,2018-02-21 20:30:00,2018-02-25 20:30:00,2018-03-13 18:30:00,2018-03-15 17:30:00
od912ff60ddc04493ac8e01856855ecb,c0bf01d6c279e425384e49e0e06da2b6,delivered,2018-03-15 21:07:00,2018-03-17 01:07:00,2018-03-22 01:07:00,2018-03-20 08:07:00,2018-03-29 21:07:00
o9903084623684f298cea505df13bdc7,cdc7b1168c38f429aa0a878e0f03308a,delivered,2017-09-08 21:16:00,2017-09-09 20:16:00,2017-09-12 20:16:00,2017-09-23 01:16:00,2017-09-25 21:16:00
ofbb08610dae44610939dad3be8e8e11,c37d0214d388847ae973ef1f4c331e91,delivered,2018-05-02 20:28:00,2018-05-03 01:28:00,2018-05-05 01:28:00,2018-05-29 02:28:00,2018-05-23 20:28:00
o045262f32be64ffdb109e99ff25ef8b,cd8d53824e32642b4ade286bca0494ee,delivered,2017-12-19 19:09:00,2017-12-20 12:09:00,2017-12-25 12:09:00,2017-12-30 05:09:00,2018-01-03 19:09:00
o272b3d49c5234445a43582134af871a,c625cbc7a21c649bd966657598f630c9,delivered,2017-07-21 14:31:00,2017-07-22 20:31:00,2017-07-23 20:31:00,2017-08-09 17:31:00,2017-08-10 14:31:00
o4e3b1772c2a14a6985a6d9b1887f4d4,c2bc252b15aee45869d7743160ebf836,delivered,2017-09-08 13:51:00,2017-09-09 12:51:00,2017-09-11 12:51:00,2017-09-25 15:51:00,2017-10-02 13:51:00
o03f0ff2120ab4976a29c7cc33e19673,c9d1ccfcce87a4e5b85f9a83227bc2d0,delivered,2018-08-23 21:37:00,2018-08-24 01:37:00,2018-08-25 01:37:00,2018-09-05 22:37:00,2018-09-10 21:37:00
o68920b6c03704b75b8e5714335f991d,cbf943a5ea61049c09c9bb27c5c776cc,delivered,2017-07-19 18:51:00,2017-07-20 19:51:00,2017-07-21 19:51:00,2017-07-29 03:51:00,2017-08-05 18:51:00
oa36d61044d774863905d93566ee77f2,c75934f88fe98469f9e1cceee8b9cb56,unavailable,2018-03-27 10:48:00,2018-03-28 02:48:00,,,2018-04-06 10:48:00
o2b1aa240fb464bacb7d5ec427d1652f,c9c7ac4b5444244f2aec944baef5240e,delivered,2018-03-19 19:19:00,2018-03-20 23:19:00,2018-03-23 23:19:00,2018-03-30 21:19:00,2018-04-05 19:19:00
o2e67a74a64f6418d8fe98bfc4319142,c35249f3f476a4fac886916def409b71,delivered,2017-11-28 11:12:00,2017-11-29 13:12:00,2017-12-01 13:12:00,2017-12-03 16:12:00,2017-12-10 11:12:00
of153c2e07d7d420d95215d165a6e60a,cbc2831c191a3453b92550a7da73394f,delivered,2018-02-23 14:41:00,2018-02-24 05:41:00,2018-02-27 05:41:00,2018-03-29 17:41:00,2018-03-17 14:41:00
of43bb0a509aa47cb81ff7d5d67f31c0,c02f314cd06c64bafad53767944c3123,delivered,2017-04-20 10:15:00,2017-04-21 10:15:00,2017-04-26 10:15:00,2017-04-23 22:15:00,2017-05-07 10:15:00
o625d873aa1f34267bb696196c332516,cad6f29e71f104f6d9be14dd207e2d6f,delivered,2017-11-29 21:46:00,2017-11-30 02:46:00,2017-12-02 02:46:00,2017-12-21 00:46:00,2017-12-22 21:46:00
o3450f35739744776b5d499f0e6ad6b5,c7200d76af70e4e00a0a51ed66e0801e,delivered,2018-01-05 21:28:00,2018-01-06 04:28:00,2018-01-09 04:28:00,2018-01-16 02:28:00,2018-01-17 21:28:00
o32ee0e5aa87a4322a9610427198826b,c5dc93aa37775458293aa5c62e65cc87,processing,2017-01-17 18:27:00,2017-01-18 11:27:00,,,2017-02-09 18:27:00
of2bc0235e3194950bf89376db4c254e,c9d7564f798f34ad78c0b781277c6b19,delivered,2017-07-15 21:04:00,2017-07-16 11:04:00,2017-07-19 11:04:00,2017-07-23 07:04:00,2017-08-07 21:04:00
o65773282fb4d42c983d44b85f9997aa,cd95650586d52425d9c6b3fa0d005bda,delivered,2018-02-04 09:00:00,2018-02-04 23:00:00,2018-02-07 23:00:00,2018-02-12 17:00:00,2018-02-16 09:00:00
o361c1769c5e34462b62db3fe1c04633,c466dccaa4ba94968b4a84a8720b49c7,unavailable,2017-01-27 17:38:00,2017-01-27 19:38:00,,,2017-02-18 17:38:00
ofe755fa2cbbd4cb08879caf57d162af,ce41338c542484c1b8c80fc4aecdd6e1,delivered,2017-08-27 12:49:00,2017-08-27 17:49:00,2017-08-31 17:49:00,2017-09-27 12:49:00,2017-09-20 12:49:00
oda18a952ba0649ce926df6868e0cec5,c50bedd43ffad492fb6c1720508c06d5,delivered,2017-06-16 21:13:00,2017-06-17 13:13:00,2017-06-22 13:13:00,2017-06-30 03:13:00,2017-07-07 21:13:00
of75e0e9b0cd3409fbe45ba88e5d60c2,c9b2b2c5a8cd4482db7bed84b6df4243,delivered,2018-03-21 19:19:00,2018-03-22 18:19:00,2018-03-26 18:19:00,2018-03-24 23:19:00,2018-04-01 19:19:00
odcb87c75e432448e95b3350bc6d8f85,cc594265889a34f01a4af93be4eb8111,delivered,2017-06-11 15:11:00,2017-06-12 08:11:00,2017-06-14 08:11:00,2017-06-16 03:11:00,2017-06-23 15:11:00
o52633190142f483da797a18ceb2e5a4,c5eb4d91c2c334157ac5176e9a4e2823,delivered,2017-05-28 15:02:00,2017-05-29 16:02:00,2017-06-03 16:02:00,2017-06-18 15:02:00,2017-06-16 15:02:00
oc8b098a9e9314f728c6dbd4ceaa4e6e,ca6d71c5925d946b1b73065cb6ce43ca,delivered,2017-11-15 16:30:00,2017-11-16 01:30:00,2017-11-19 01:30:00,2017-11-24 01:30:00,2017-11-27 16:30:00
oa3f21d4173aa4133810830047f256df,c85573ff975af46c693b81a60de2db8e,delivered,2018-02-18 13:56:00,2018-02-18 21:56:00,2018-02-21 21:56:00,2018-02-25 18:56:00,2018-03-03 13:56:00
o94f2c526bd27491093950846dc6537c,c059ef8a2b360496a8dbe36b513f2f0d,delivered,2017-01-15 11:40:00,2017-01-16 13:40:00,2017-01-18 13:40:00,2017-01-18 20:40:00,2017-01-28 11:40:00
oc59761cdb3a74212b793f1a0f3ad56c,caa5ed53d7f754d629d6ebd25e251b14,delivered,2017-12-12 11:16:00,2017-12-13 15:16:00,2017-12-18 15:16:00,2017-12-16 21:16:00,2017-12-29 11:16:00
o448c61884a5645c59e2c3d67ff33a88,ceff90d3a4c6f4a14b05482a1e5714cd,delivered,2018-06-01 11:25:00,2018-06-02 16:25:00,2018-06-04 16:25:00,2018-06-30 14:25:00,2018-06-19 11:25:00
oa5914965ee774be4af9eebf8f3513f0,c77e48c84f0134bca93133c764bc6858,delivered,2017-06-19 19:40:00,2017-06-20 03:40:00,2017-06-22 03:40:00,2017-07-12 01:40:00,2017-07-12 19:40:00
oe394ca6c9b64404daeff378f5a59bce,c6a4d0476c40246eca3725587737162a,delivered,2017-08-02 20:39:00,2017-08-02 23:39:00,2017-08-06 23:39:00,2017-08-20 22:39:00,2017-08-12 20:39:00
o0ba43148f6cc401da8f788c7d7fb1c4,c3d8fb8661a004694a8ed924a2518fe7,delivered,2017-07-30 16:09:00,2017-07-31 17:09:00,2017-08-01 17:09:00,2017-08-10 20:09:00,2017-08-14 16:09:00
o04989f27292247278a008cdaf845b16,ccd1efcf95cc241c0bd1e3df18ea6651,delivered,2017-02-11 15:53:00,2017-02-11 19:53:00,2017-02-15 19:53:00,2017-02-20 02:53:00,2017-03-03 15:53:00
o14ac5a818f93406faf269a519b579d1,cb7ae695ae097477387396b6dd9f9cde,delivered,2018-03-08 09:40:00,2018-03-09 10:40:00,2018-03-12 10:40:00,2018-03-21 17:40:00,2018-03-22 09:40:00
o142e1448ab824d748b1044a3fd275eb,c68ad6e0461e640d88aeb6c96a6a75a5,delivered,2018-07-29 18:53:00,2018-07-30 14:53:00,2018-08-03 14:53:00,2018-08-19 03:53:00,2018-08-16 18:53:00
o3bd17b8b2e634c399ef924cadb15bd2,c4f217862f38e4f289ec187f188ba764,delivered,2018-02-13 21:40:00,2018-02-14 11:40:00,2018-02-15 11:40:00,2018-02-21 21:40:00,2018-03-05 21:40:00
o7a46ecbefa7a40408aa01043b85f6ce,cdb4157a8b18148aea38f1dff2f70c81,delivered,2018-04-02 21:03:00,2018-04-03 20:03:00,2018-04-06 20:03:00,2018-04-11 00:03:00,2018-04-22 21:03:00
o39aa5f1ef8f642cdadf9f67e039246b,c0a76c637fbff4eff855bed0ed5bcfaa,delivered,2017-11-10 10:58:00,2017-11-11 07:58:00,2017-11-14 07:58:00,2017-11-23 12:58:00,2017-11-26 10:58:00
oe2af4dd27e08485195abc715318ab27,c853f1809855b446b8dc56e9ef602ac7,delivered,2018-07-28 17:11:00,2018-07-29 16:11:00,2018-07-31 16:11:00,2018-08-21 02:11:00,2018-08-08 17:11:00
o21a8d08fa2ac4c1984ffa17d5eb44cf,c8ca57a5cdb234f659f05f4d8c97f513,delivered,2017-08-19 16:52:00,2017-08-20 10:52:00,2017-08-23 10:52:00,2017-09-05 03:52:00,2017-08-31 16:52:00
o5f62770c18f94cd99fb8474c12fe541,c7fad1c4ce7904b58ae8430ca4465739,delivered,2018-01-08 21:51:00,2018-01-09 09:51:00,2018-01-11 09:51:00,2018-01-16 22:51:00,2018-01-23 21:51:00
oc63dd319f12a49da9c13929590c16f6,cae1f68746ebc4a8ebcb210f0cf68df3,delivered,2017-10-03 18:53:00,2017-10-04 14:53:00,2017-10-08 14:53:00,2017-10-07 20:53:00,2017-10-20 18:53:00
o10a7c6ae52704871b73b2ca1ca00b2d,c3853f42a7dcd411aa2923388fb14c77,delivered,2018-05-18 15:45:00,2018-05-18 20:45:00,2018-05-20 20:45:00,2018-05-25 23:45:00,2018-06-03 15:45:00
of12eb5b593af48378a851acd67e92e6,cf4a67b9453a142839f289cdeec117a6,delivered,2018-01-02 18:07:00,2018-01-02 21:07:00,2018-01-03 21:07:00,2018-01-11 05:07:00,2018-01-21 18:07:00
oc82f08a57fbc488f96370f70a537ca4,c732cf9acef984a77b30bc6f62aaca5f,delivered,2018-02-22 15:44:00,2018-02-23 19:44:00,2018-02-25 19:44:00,2018-03-15 17:44:00,2018-03-09 15:44:00
o04483d2771d848f38c7c9ed678d44a2,ca10734f415a245668df5a1c188b806f,delivered,2018-01-18 10:10:00,2018-01-19 03:10:00,2018-01-20 03:10:00,2018-01-23 10:10:00,2018-01-28 10:10:00
o640f671bdd914fe098a3fc777e8597b,cb8267bfc8ac842ff97de2e880535810,delivered,2017-07-01 17:09:00,2017-07-02 08:09:00,2017-07-07 08:09:00,2017-07-21 05:09:00,2017-07-11 17:09:00
o7eed9be685884765a856efc1cdaab06,c08b78bb9ab1841a28c265178627544b,delivered,2017-09-10 14:09:00,2017-09-11 17:09:00,2017-09-13 17:09:00,2017-09-13 19:09:00,2017-09-27 14:09:00
o0fbe37adeb974d7ba3a5feac64299ca,c30459392f65c4fa9bc8c4c1c4266ac0,delivered,2017-10-17 14:08:00,2017-10-17 21:08:00,2017-10-21 21:08:00,2017-10-26 15:08:00,2017-10-31 14:08:00
o5956045685ac44d5b10a22748742f48,c6201faca220f4a28a13a2d32252a91e,canceled,2017-11-11 18:47:00,2017-11-12 12:47:00,,,2017-11-23 18:47:00
o456418ea3fab4ec59d3ff587bea6379,cfbcb8971a85447a18712ddb6d555eb8,delivered,2018-06-05 17:54:00,2018-06-06 05:54:00,2018-06-07 05:54:00,2018-06-12 00:54:00,2018-06-25 17:54:00
o6d12ffdb92644cbc8e41ecf6371e357,c101165808fb2424aa15cd4e5a82364c,delivered,2018-01-16 15:02:00,2018-01-17 11:02:00,2018-01-22 11:02:00,2018-01-26 01:02:00,2018-01-29 15:02:00
od0bc1f9fdeda44139609eb740ed3883,c109a0fc928f7400c96afac8ad1c63a7,delivered,2017-09-17 18:00:00,2017-09-18 07:00:00,2017-09-22 07:00:00,2017-10-09 21:00:00,2017-09-27 18:00:00
od39ed554c6a84a49acc20c1c6070f85,cfd36a1e67314452eb28d5ed1d9afe61,delivered,2017-10-19 17:18:00,2017-10-20 12:18:00,2017-10-21 12:18:00,2017-10-28 20:18:00,2017-11-02 17:18:00
o58f0de53b3b5451f971f1b549a72eef,c43b8b2f327044ab3bc323868ee03a09,delivered,2017-08-04 20:20:00,2017-08-04 21:20:00,2017-08-07 21:20:00,2017-08-11 22:20:00,2017-08-16 20:20:00
o8d0e24eedc5f4b44a25d42b1f7534ab,c1749c066c1904a46bfa767980d96239,delivered,2018-03-28 10:53:00,2018-03-29 03:53:00,2018-04-03 03:53:00,2018-04-20 15:53:00,2018-04-11 10:53:00
o6ba1a466cf66495c932017cde657fe9,cb9f2a33514d04f40ad7028c44b1d440,delivered,2017-01-04 18:03:00,2017-01-05 19:03:00,2017-01-06 19:03:00,2017-01-09 03:03:00,2017-01-23 18:03:00
o2f10a05a98a04de5af83b11343a4604,cccc1ad5b8489473db9a107543a40aa5,delivered,2017-12-20 19:29:00,2017-12-22 00:29:00,2017-12-26 00:29:00,2017-12-28 22:29:00,2018-01-01 19:29:00
o8a27c8022a604a31b5c711ca98ada7c,cabd72a98a5ed4bfa9d1d0770dd692d9,delivered,2017-05-09 19:22:00,2017-05-10 08:22:00,2017-05-14 08:22:00,2017-05-20 02:22:00,2017-05-25 19:22:00
o160b07f743724a8ba0617ea09559023,c90fc42f9ad054037bfae0cf62ce2348,delivered,2018-02-07 11:30:00,2018-02-08 08:30:00,2018-02-11 08:30:00,2018-02-22 20:30:00,2018-02-24 11:30:00
o980a825da67d4210bdbe2cf4bc33471,c033649b314574857ba6e8305e869a7c,delivered,2017-10-07 20:43:00,2017-10-08 01:43:00,2017-10-12 01:43:00,2017-10-16 22:43:00,2017-10-27 20:43:00
o2cf12687684747208bdce8f947bd104,c96ea8d04b2eb43b9921dde9da1b619a,delivered,2017-03-08 10:01:00,2017-03-09 14:01:00,2017-03-10 14:01:00,2017-03-13 15:01:00,2017-03-31 10:01:00
oc4aba1da7cfb44e0a6fad5e245c033b,c451cd2730c024be39172f7c00a84eb7,delivered,2017-06-12 17:35:00,2017-06-13 16:35:00,2017-06-15 16:35:00,2017-06-25 19:35:00,2017-06-26 17:35:00
o000a279911234479910ccf3f35777fb,c6b3099cee8a8433490558f504f5b2a4,delivered,2018-08-04 14:56:00,2018-08-04 17:56:00,2018-08-07 17:56:00,2018-08-31 23:56:00,2018-08-28 14:56:00
o4b4f271152cf440da00046242a9e6d9,c1cff9eed6e3e442785a70e5c5e42ffd,delivered,2018-05-22 09:39:00,2018-05-22 23:39:00,2018-05-25 23:39:00,2018-05-28 17:39:00,2018-06-03 09:39:00
